<?xml version="1.0" encoding="utf-8" standalone="yes"?>
<rss version="2.0" xmlns:atom="http://www.w3.org/2005/Atom">
  <channel>
    <title>Informejtycy.pl</title>
    <link>http://localhost:1313/Informejtycy/</link>
    <description>Recent content on Informejtycy.pl</description>
    <generator>Hugo</generator>
    <language>pl-pl</language>
    <lastBuildDate>Tue, 04 Feb 2025 16:14:00 +0100</lastBuildDate>
    <atom:link href="http://localhost:1313/Informejtycy/index.xml" rel="self" type="application/rss+xml" />
    <item>
      <title>Stack</title>
      <link>http://localhost:1313/Informejtycy/articles/9-stack/</link>
      <pubDate>Tue, 04 Feb 2025 16:14:00 +0100</pubDate>
      <guid>http://localhost:1313/Informejtycy/articles/9-stack/</guid>
      <description>&lt;h1 id=&#34;stack&#34;&gt;Stack&lt;/h1&gt;&#xA;&lt;h2 id=&#34;wprowadzenie&#34;&gt;Wprowadzenie&lt;/h2&gt;&#xA;&lt;p&gt;&lt;code&gt;Stack&lt;/code&gt; to typ kontenera w C++ działający w trybie LIFO (Last In, First Out). Oznacza to, że dodając i odczytując wartości ze stosu (&lt;code&gt;stack&lt;/code&gt;), operacje te wykonywane są na elemencie znajdującym się na samej górze. Nie ma możliwości bezpośredniego dostępu do elementów znajdujących się niżej w strukturze.&lt;/p&gt;&#xA;&lt;p&gt;Aby lepiej zrozumieć, jak działa stos, można przyrównać go do talii kart leżącej na stole. W tym przypadku można manipulować wyłącznie kartą znajdującą się na samej górze. Jeśli chcesz dostać się do kart znajdujących się niżej, musisz najpierw zdjąć karty znajdujące się wyżej.&lt;/p&gt;</description>
    </item>
    <item>
      <title>Cyfry danej liczby i konwersja na napis</title>
      <link>http://localhost:1313/Informejtycy/articles/10-wyodrebnianie-i-konwertowanie/</link>
      <pubDate>Mon, 01 Jan 0001 00:00:00 +0000</pubDate>
      <guid>http://localhost:1313/Informejtycy/articles/10-wyodrebnianie-i-konwertowanie/</guid>
      <description>&lt;h1 id=&#34;wyodrębnianie-cyfr-danej-liczby-konwertowanie-liczb-na-napisy&#34;&gt;Wyodrębnianie cyfr danej liczby, konwertowanie liczb na napisy&lt;/h1&gt;&#xA;&lt;h2 id=&#34;wyodrębnianie-ostatniej-cyfry-na-liczbach&#34;&gt;Wyodrębnianie ostatniej cyfry na liczbach&lt;/h2&gt;&#xA;&lt;p&gt;Aby uzyskać ostatnią cyfrę danej liczby, możemy użyć operacji modulo (&lt;code&gt;%&lt;/code&gt;). Gdy otrzymamy resztę z dzielenia przez 10 danej liczby całkowitej, to tak naprawdę otrzymamy jej cyfrę jedności, czyli ostatnią cyfrę. Analogicznie, aby otrzymać liczbę składającą się z dwóch ostatnich cyfr danej liczby, możemy zastosować resztę z dzielenia przez 100. Dla uzyskania trzech ostatnich liczb zastosujemy resztę z dzielenia przez 1000, i tak dalej.&#xA;Oto program wczytujący liczbę całkowitą i wypisujący jej ostatnią cyfrę:&lt;/p&gt;</description>
    </item>
    <item>
      <title>Funkcje</title>
      <link>http://localhost:1313/Informejtycy/articles/15-funkcje/</link>
      <pubDate>Mon, 01 Jan 0001 00:00:00 +0000</pubDate>
      <guid>http://localhost:1313/Informejtycy/articles/15-funkcje/</guid>
      <description>&lt;h1 id=&#34;funkcje&#34;&gt;Funkcje&lt;/h1&gt;&#xA;&lt;p&gt;Funkcje piszemy, aby nasz kod stał się czytelniejszy. Jest to pewien rodzaj podprogramu, znajdującego się poza funkcją &lt;code&gt;main&lt;/code&gt;. Zazwyczaj korzysta się z funkcji, kiedy program ma wielokrotnie wykonać jakieś operacje. Funkcja wykonuje określone operacje i może zwracać jakąś wartość.&lt;/p&gt;&#xA;&lt;h2 id=&#34;deklaracja-funkcji&#34;&gt;Deklaracja funkcji&lt;/h2&gt;&#xA;&lt;p&gt;Najpierw, &lt;strong&gt;przed funkcją &lt;code&gt;main&lt;/code&gt;&lt;/strong&gt;, piszemy typ zmiennej, który ma zwracać, lub &lt;code&gt;void&lt;/code&gt;, jeśli funkcja nic nie zwraca. Następnie, po spacji, piszemy nazwę funkcji. Po nazwie, w nawiasach okrągłych piszemy argumenty, jakie funkcja przyjmuje, poprzedzone ich typem danych. Jeśli funkcja nie przyjmuje argumentów, pozostawiamy puste nawiasy.&lt;/p&gt;</description>
    </item>
    <item>
      <title>Funkcje wbudowane</title>
      <link>http://localhost:1313/Informejtycy/articles/1-funkcje-wbudowane/</link>
      <pubDate>Mon, 01 Jan 0001 00:00:00 +0000</pubDate>
      <guid>http://localhost:1313/Informejtycy/articles/1-funkcje-wbudowane/</guid>
      <description>&lt;h1 id=&#34;najważniejsze-funkcje-wbudowane-w-c&#34;&gt;Najważniejsze funkcje wbudowane w C++&lt;/h1&gt;&#xA;&lt;h2 id=&#34;min&#34;&gt;&lt;code&gt;min&lt;/code&gt;&lt;/h2&gt;&#xA;&lt;p&gt;Funkcja &lt;code&gt;min&lt;/code&gt; znajduje mniejszą z dwóch wartości. Jesli wartości są równe,&#xA;zwraca pierwszą z nich. Jest częścią nagłówka algorithm.&lt;/p&gt;&#xA;&lt;div class=&#34;highlight&#34;&gt;&lt;pre tabindex=&#34;0&#34; class=&#34;chroma&#34;&gt;&lt;code class=&#34;language-cpp&#34; data-lang=&#34;cpp&#34;&gt;&lt;span class=&#34;line&#34;&gt;&lt;span class=&#34;cl&#34;&gt;&lt;span class=&#34;cp&#34;&gt;#include&lt;/span&gt; &lt;span class=&#34;cpf&#34;&gt;&amp;lt;iostream&amp;gt;&lt;/span&gt;&lt;span class=&#34;cp&#34;&gt;&#xA;&lt;/span&gt;&lt;/span&gt;&lt;/span&gt;&lt;span class=&#34;line&#34;&gt;&lt;span class=&#34;cl&#34;&gt;&lt;span class=&#34;cp&#34;&gt;#include&lt;/span&gt; &lt;span class=&#34;cpf&#34;&gt;&amp;lt;algorithm&amp;gt;&lt;/span&gt;&lt;span class=&#34;cp&#34;&gt;&#xA;&lt;/span&gt;&lt;/span&gt;&lt;/span&gt;&lt;span class=&#34;line&#34;&gt;&lt;span class=&#34;cl&#34;&gt;&lt;span class=&#34;cp&#34;&gt;&lt;/span&gt;&#xA;&lt;/span&gt;&lt;/span&gt;&lt;span class=&#34;line&#34;&gt;&lt;span class=&#34;cl&#34;&gt;&lt;span class=&#34;k&#34;&gt;using&lt;/span&gt; &lt;span class=&#34;k&#34;&gt;namespace&lt;/span&gt; &lt;span class=&#34;n&#34;&gt;std&lt;/span&gt;&lt;span class=&#34;p&#34;&gt;;&lt;/span&gt;&#xA;&lt;/span&gt;&lt;/span&gt;&lt;span class=&#34;line&#34;&gt;&lt;span class=&#34;cl&#34;&gt;&#xA;&lt;/span&gt;&lt;/span&gt;&lt;span class=&#34;line&#34;&gt;&lt;span class=&#34;cl&#34;&gt;&lt;span class=&#34;kt&#34;&gt;int&lt;/span&gt; &lt;span class=&#34;nf&#34;&gt;main&lt;/span&gt;&lt;span class=&#34;p&#34;&gt;()&lt;/span&gt;&#xA;&lt;/span&gt;&lt;/span&gt;&lt;span class=&#34;line&#34;&gt;&lt;span class=&#34;cl&#34;&gt;&lt;span class=&#34;p&#34;&gt;{&lt;/span&gt;&#xA;&lt;/span&gt;&lt;/span&gt;&lt;span class=&#34;line&#34;&gt;&lt;span class=&#34;cl&#34;&gt;&#x9;&lt;span class=&#34;kt&#34;&gt;int&lt;/span&gt; &lt;span class=&#34;n&#34;&gt;a&lt;/span&gt;&lt;span class=&#34;p&#34;&gt;,&lt;/span&gt; &lt;span class=&#34;n&#34;&gt;b&lt;/span&gt;&lt;span class=&#34;p&#34;&gt;;&lt;/span&gt;&#xA;&lt;/span&gt;&lt;/span&gt;&lt;span class=&#34;line&#34;&gt;&lt;span class=&#34;cl&#34;&gt;&#x9;&lt;span class=&#34;n&#34;&gt;cout&lt;/span&gt; &lt;span class=&#34;o&#34;&gt;&amp;lt;&amp;lt;&lt;/span&gt; &lt;span class=&#34;s&#34;&gt;&amp;#34;Podaj liczbe kalorii w pierwszej potrawie: &amp;#34;&lt;/span&gt;&lt;span class=&#34;p&#34;&gt;;&lt;/span&gt;&#xA;&lt;/span&gt;&lt;/span&gt;&lt;span class=&#34;line&#34;&gt;&lt;span class=&#34;cl&#34;&gt;&#x9;&lt;span class=&#34;n&#34;&gt;cin&lt;/span&gt; &lt;span class=&#34;o&#34;&gt;&amp;gt;&amp;gt;&lt;/span&gt; &lt;span class=&#34;n&#34;&gt;a&lt;/span&gt;&lt;span class=&#34;p&#34;&gt;;&lt;/span&gt;&#xA;&lt;/span&gt;&lt;/span&gt;&lt;span class=&#34;line&#34;&gt;&lt;span class=&#34;cl&#34;&gt;&#x9;&lt;span class=&#34;n&#34;&gt;cout&lt;/span&gt; &lt;span class=&#34;o&#34;&gt;&amp;lt;&amp;lt;&lt;/span&gt; &lt;span class=&#34;s&#34;&gt;&amp;#34;Podaj liczbe kalorii w drugiej potrawie: &amp;#34;&lt;/span&gt;&lt;span class=&#34;p&#34;&gt;;&lt;/span&gt;&#xA;&lt;/span&gt;&lt;/span&gt;&lt;span class=&#34;line&#34;&gt;&lt;span class=&#34;cl&#34;&gt;&#x9;&lt;span class=&#34;n&#34;&gt;cin&lt;/span&gt; &lt;span class=&#34;o&#34;&gt;&amp;gt;&amp;gt;&lt;/span&gt; &lt;span class=&#34;n&#34;&gt;b&lt;/span&gt;&lt;span class=&#34;p&#34;&gt;;&lt;/span&gt; &#xA;&lt;/span&gt;&lt;/span&gt;&lt;span class=&#34;line&#34;&gt;&lt;span class=&#34;cl&#34;&gt;&#x9;&lt;span class=&#34;kt&#34;&gt;int&lt;/span&gt; &lt;span class=&#34;n&#34;&gt;minimum&lt;/span&gt; &lt;span class=&#34;o&#34;&gt;=&lt;/span&gt; &lt;span class=&#34;n&#34;&gt;min&lt;/span&gt;&lt;span class=&#34;p&#34;&gt;(&lt;/span&gt;&lt;span class=&#34;n&#34;&gt;a&lt;/span&gt;&lt;span class=&#34;p&#34;&gt;,&lt;/span&gt; &lt;span class=&#34;n&#34;&gt;b&lt;/span&gt;&lt;span class=&#34;p&#34;&gt;);&lt;/span&gt; &#xA;&lt;/span&gt;&lt;/span&gt;&lt;span class=&#34;line&#34;&gt;&lt;span class=&#34;cl&#34;&gt;&#x9;&lt;span class=&#34;n&#34;&gt;cout&lt;/span&gt; &lt;span class=&#34;o&#34;&gt;&amp;lt;&amp;lt;&lt;/span&gt; &lt;span class=&#34;s&#34;&gt;&amp;#34;Mniejsza liczba kalorii to: &amp;#34;&lt;/span&gt; &lt;span class=&#34;o&#34;&gt;&amp;lt;&amp;lt;&lt;/span&gt; &lt;span class=&#34;n&#34;&gt;minimum&lt;/span&gt; &lt;span class=&#34;o&#34;&gt;&amp;lt;&amp;lt;&lt;/span&gt; &lt;span class=&#34;n&#34;&gt;endl&lt;/span&gt;&lt;span class=&#34;p&#34;&gt;;&lt;/span&gt;&#xA;&lt;/span&gt;&lt;/span&gt;&lt;span class=&#34;line&#34;&gt;&lt;span class=&#34;cl&#34;&gt;    &lt;span class=&#34;k&#34;&gt;return&lt;/span&gt; &lt;span class=&#34;mi&#34;&gt;0&lt;/span&gt;&lt;span class=&#34;p&#34;&gt;;&lt;/span&gt;&#xA;&lt;/span&gt;&lt;/span&gt;&lt;span class=&#34;line&#34;&gt;&lt;span class=&#34;cl&#34;&gt;&lt;span class=&#34;p&#34;&gt;}&lt;/span&gt;&#xA;&lt;/span&gt;&lt;/span&gt;&lt;/code&gt;&lt;/pre&gt;&lt;/div&gt;&lt;p&gt;Uzytkownik podaje liczbę kalorii zawartą w potrawie a, a potem w potrawie b. Program deklaruje zmienną &amp;lsquo;minimum&amp;rsquo; przechowującą najmniejszą liczbę kalorii w potrawie, a potem ją wypisuje.&lt;/p&gt;</description>
    </item>
    <item>
      <title>Instrukcje warunkowe i operatory logiczne</title>
      <link>http://localhost:1313/Informejtycy/articles/3-if/</link>
      <pubDate>Mon, 01 Jan 0001 00:00:00 +0000</pubDate>
      <guid>http://localhost:1313/Informejtycy/articles/3-if/</guid>
      <description>&lt;h1 id=&#34;instrukcje-warunkowe-i-operatory-logiczne&#34;&gt;Instrukcje warunkowe i operatory logiczne&lt;/h1&gt;&#xA;&lt;h2 id=&#34;wstęp&#34;&gt;Wstęp&lt;/h2&gt;&#xA;&lt;p&gt;Już wiesz, czym są &lt;strong&gt;zmienne&lt;/strong&gt;, a teraz nauczymy Cię, jak z nimi pracować. W C++ istnieją tzw. operatory logiczne, które są w dużej mierze oparte na matematyce. Ten dział jest omawiany w pierwszej klasie liceum.&lt;/p&gt;&#xA;&lt;h2 id=&#34;porównywanie-wartości&#34;&gt;Porównywanie wartości&lt;/h2&gt;&#xA;&lt;p&gt;Zacznijmy od najprostszych operatorów porównania:&lt;/p&gt;&#xA;&lt;div class=&#34;highlight&#34;&gt;&lt;pre tabindex=&#34;0&#34; class=&#34;chroma&#34;&gt;&lt;code class=&#34;language-cpp&#34; data-lang=&#34;cpp&#34;&gt;&lt;span class=&#34;line&#34;&gt;&lt;span class=&#34;cl&#34;&gt;&lt;span class=&#34;n&#34;&gt;a&lt;/span&gt; &lt;span class=&#34;o&#34;&gt;&amp;lt;&lt;/span&gt; &lt;span class=&#34;n&#34;&gt;b&lt;/span&gt;    &lt;span class=&#34;c1&#34;&gt;//  a jest mniejsze od b&#xA;&lt;/span&gt;&lt;/span&gt;&lt;/span&gt;&lt;span class=&#34;line&#34;&gt;&lt;span class=&#34;cl&#34;&gt;&lt;span class=&#34;c1&#34;&gt;&lt;/span&gt;&lt;span class=&#34;n&#34;&gt;a&lt;/span&gt; &lt;span class=&#34;o&#34;&gt;&amp;lt;=&lt;/span&gt; &lt;span class=&#34;n&#34;&gt;b&lt;/span&gt;   &lt;span class=&#34;c1&#34;&gt;//  a jest mniejsze bądź równe od b&#xA;&lt;/span&gt;&lt;/span&gt;&lt;/span&gt;&lt;span class=&#34;line&#34;&gt;&lt;span class=&#34;cl&#34;&gt;&lt;span class=&#34;c1&#34;&gt;&lt;/span&gt;&lt;span class=&#34;n&#34;&gt;a&lt;/span&gt; &lt;span class=&#34;o&#34;&gt;&amp;gt;&lt;/span&gt; &lt;span class=&#34;n&#34;&gt;b&lt;/span&gt;    &lt;span class=&#34;c1&#34;&gt;//  a jest większe od b&#xA;&lt;/span&gt;&lt;/span&gt;&lt;/span&gt;&lt;span class=&#34;line&#34;&gt;&lt;span class=&#34;cl&#34;&gt;&lt;span class=&#34;c1&#34;&gt;&lt;/span&gt;&lt;span class=&#34;n&#34;&gt;a&lt;/span&gt; &lt;span class=&#34;o&#34;&gt;&amp;gt;=&lt;/span&gt; &lt;span class=&#34;n&#34;&gt;b&lt;/span&gt;   &lt;span class=&#34;c1&#34;&gt;//  a jest większe bądź równe od b&#xA;&lt;/span&gt;&lt;/span&gt;&lt;/span&gt;&lt;span class=&#34;line&#34;&gt;&lt;span class=&#34;cl&#34;&gt;&lt;span class=&#34;c1&#34;&gt;&lt;/span&gt;&lt;span class=&#34;n&#34;&gt;a&lt;/span&gt; &lt;span class=&#34;o&#34;&gt;==&lt;/span&gt; &lt;span class=&#34;n&#34;&gt;b&lt;/span&gt;   &lt;span class=&#34;c1&#34;&gt;//  a równa się b&#xA;&lt;/span&gt;&lt;/span&gt;&lt;/span&gt;&lt;span class=&#34;line&#34;&gt;&lt;span class=&#34;cl&#34;&gt;&lt;span class=&#34;c1&#34;&gt;&lt;/span&gt;&lt;span class=&#34;n&#34;&gt;a&lt;/span&gt; &lt;span class=&#34;o&#34;&gt;!=&lt;/span&gt; &lt;span class=&#34;n&#34;&gt;b&lt;/span&gt;   &lt;span class=&#34;c1&#34;&gt;//  a nie równa się b&#xA;&lt;/span&gt;&lt;/span&gt;&lt;/span&gt;&lt;/code&gt;&lt;/pre&gt;&lt;/div&gt;&lt;p&gt;Takie operatory zwracają wartość zmiennej typu &lt;code&gt;bool&lt;/code&gt;:&lt;/p&gt;</description>
    </item>
    <item>
      <title>Jak zacząć?</title>
      <link>http://localhost:1313/Informejtycy/articles/0-jak-zaczac/</link>
      <pubDate>Mon, 01 Jan 0001 00:00:00 +0000</pubDate>
      <guid>http://localhost:1313/Informejtycy/articles/0-jak-zaczac/</guid>
      <description>&lt;h1 id=&#34;jak-zacząć&#34;&gt;Jak zacząć?&lt;/h1&gt;&#xA;&lt;h2 id=&#34;kompilatory-online-i-edytory&#34;&gt;Kompilatory online i edytory&lt;/h2&gt;&#xA;&lt;p&gt;Podstawowym narzędziem, bez którego nie da się rozpocząć nauki programowania, jest kompilator. Jest to miejsce, w którym nasz kod jest tłumaczony na język zrozumiały przez komputer, a następnie uruchamiany. Na samym początku można korzystać z kompilatorów online. W tym celu polecamy używanie:&lt;/p&gt;&#xA;&lt;ul&gt;&#xA;&lt;li&gt;&lt;a href=&#34;https://ideone.com/l/cpp&#34;&gt;ideone.com&lt;/a&gt;&lt;/li&gt;&#xA;&lt;li&gt;&lt;a href=&#34;https://www.programiz.com/cpp-programming/online-compiler/&#34;&gt;Programiz&lt;/a&gt;&lt;/li&gt;&#xA;&lt;li&gt;&lt;a href=&#34;https://www.mycompiler.io/new/cpp&#34;&gt;myCompiler&lt;/a&gt;&lt;/li&gt;&#xA;&lt;/ul&gt;&#xA;&lt;p&gt;Jeśli chcesz mieć pobrany edytor kodu, aby móc zapisywać swoje odpowiedzi do zadań i programować bez połączenia do internetu, polecamy:&lt;/p&gt;</description>
    </item>
    <item>
      <title>Kolejka</title>
      <link>http://localhost:1313/Informejtycy/articles/5-queue-deque/</link>
      <pubDate>Mon, 01 Jan 0001 00:00:00 +0000</pubDate>
      <guid>http://localhost:1313/Informejtycy/articles/5-queue-deque/</guid>
      <description>&lt;h1 id=&#34;queue-i-deque&#34;&gt;Queue i deque&lt;/h1&gt;&#xA;&lt;h2 id=&#34;queue&#34;&gt;Queue&lt;/h2&gt;&#xA;&lt;p&gt;Kolejną poznaną strukturą danych będzie kolejka, która pozwala na przechwywanie danych według kolejności ich dodawania.&lt;/p&gt;&#xA;&lt;h2 id=&#34;inicjowanie-kolejki&#34;&gt;Inicjowanie kolejki&lt;/h2&gt;&#xA;&lt;p&gt;Kolejkę tworzymy porzez napisanie nazwy &lt;code&gt;queue&lt;/code&gt;, typu danych jakie będzie przechowywać oraz nazwy:&lt;/p&gt;&#xA;&lt;div class=&#34;highlight&#34;&gt;&lt;pre tabindex=&#34;0&#34; class=&#34;chroma&#34;&gt;&lt;code class=&#34;language-cpp&#34; data-lang=&#34;cpp&#34;&gt;&lt;span class=&#34;line&#34;&gt;&lt;span class=&#34;cl&#34;&gt;&lt;span class=&#34;n&#34;&gt;queue&lt;/span&gt;&lt;span class=&#34;o&#34;&gt;&amp;lt;&lt;/span&gt;&lt;span class=&#34;kt&#34;&gt;int&lt;/span&gt;&lt;span class=&#34;o&#34;&gt;&amp;gt;&lt;/span&gt; &lt;span class=&#34;n&#34;&gt;kolejka&lt;/span&gt;&lt;span class=&#34;p&#34;&gt;;&lt;/span&gt;&#xA;&lt;/span&gt;&lt;/span&gt;&lt;/code&gt;&lt;/pre&gt;&lt;/div&gt;&lt;p&gt;Do używania kolejki konieczne jest zaimportowanie modułu &lt;code&gt;queue&lt;/code&gt;:&lt;/p&gt;&#xA;&lt;div class=&#34;highlight&#34;&gt;&lt;pre tabindex=&#34;0&#34; class=&#34;chroma&#34;&gt;&lt;code class=&#34;language-cpp&#34; data-lang=&#34;cpp&#34;&gt;&lt;span class=&#34;line&#34;&gt;&lt;span class=&#34;cl&#34;&gt;&lt;span class=&#34;cp&#34;&gt;#include&lt;/span&gt; &lt;span class=&#34;cpf&#34;&gt;&amp;lt;queue&amp;gt;&lt;/span&gt;&lt;span class=&#34;cp&#34;&gt;&#xA;&lt;/span&gt;&lt;/span&gt;&lt;/span&gt;&lt;/code&gt;&lt;/pre&gt;&lt;/div&gt;&lt;h2 id=&#34;przypisywanie-danych&#34;&gt;Przypisywanie danych&lt;/h2&gt;&#xA;&lt;p&gt;Dane do kolejki dodajemy przez metodę &lt;code&gt;push&lt;/code&gt;, która umieszcza je na końcu kolejki:&lt;/p&gt;&#xA;&lt;div class=&#34;highlight&#34;&gt;&lt;pre tabindex=&#34;0&#34; class=&#34;chroma&#34;&gt;&lt;code class=&#34;language-cpp&#34; data-lang=&#34;cpp&#34;&gt;&lt;span class=&#34;line&#34;&gt;&lt;span class=&#34;cl&#34;&gt;&lt;span class=&#34;n&#34;&gt;kolejka&lt;/span&gt;&lt;span class=&#34;p&#34;&gt;.&lt;/span&gt;&lt;span class=&#34;n&#34;&gt;push&lt;/span&gt;&lt;span class=&#34;p&#34;&gt;(&lt;/span&gt;&lt;span class=&#34;mi&#34;&gt;3&lt;/span&gt;&lt;span class=&#34;p&#34;&gt;);&lt;/span&gt;&#xA;&lt;/span&gt;&lt;/span&gt;&lt;/code&gt;&lt;/pre&gt;&lt;/div&gt;&lt;h2 id=&#34;odwołanie-się-do-elementów&#34;&gt;Odwołanie się do elementów&lt;/h2&gt;&#xA;&lt;p&gt;Kolejka róźni się od dotąd poznanych typów danych, brakiem swobodnego dostępu do wszystkich danych, a jedynie do pierwszego elementu poprzez metodę &lt;code&gt;front&lt;/code&gt;, np.:&lt;/p&gt;</description>
    </item>
    <item>
      <title>Map i Unordered map</title>
      <link>http://localhost:1313/Informejtycy/articles/8-map-i-unordered-map/</link>
      <pubDate>Mon, 01 Jan 0001 00:00:00 +0000</pubDate>
      <guid>http://localhost:1313/Informejtycy/articles/8-map-i-unordered-map/</guid>
      <description>&lt;h1 id=&#34;map-i-unordered-map&#34;&gt;Map i Unordered map&lt;/h1&gt;&#xA;&lt;h2 id=&#34;map&#34;&gt;Map&lt;/h2&gt;&#xA;&lt;p&gt;Mapa służy do przyporządkowywania danym kluczom pewnych wartości. Aby jej użyć należy zaincludować bibliotekę map. Klucz to wartość występująca jako pierwsza.&lt;/p&gt;&#xA;&lt;div class=&#34;highlight&#34;&gt;&lt;pre tabindex=&#34;0&#34; class=&#34;chroma&#34;&gt;&lt;code class=&#34;language-cpp&#34; data-lang=&#34;cpp&#34;&gt;&lt;span class=&#34;line&#34;&gt;&lt;span class=&#34;cl&#34;&gt;&lt;span class=&#34;cp&#34;&gt;#include&lt;/span&gt; &lt;span class=&#34;cpf&#34;&gt;&amp;lt;map&amp;gt;&lt;/span&gt;&lt;span class=&#34;cp&#34;&gt;&#xA;&lt;/span&gt;&lt;/span&gt;&lt;/span&gt;&lt;/code&gt;&lt;/pre&gt;&lt;/div&gt;&lt;h2 id=&#34;inicjowanie-mapy&#34;&gt;Inicjowanie mapy&lt;/h2&gt;&#xA;&lt;p&gt;Mapę tworzy się bardzo podobnie do pary. Należy podać w nawiasie ostrokątnym dwa typy zmiennych, gdyż pierwszy element jest odpowiednikiem drugiego.&lt;/p&gt;&#xA;&lt;div class=&#34;highlight&#34;&gt;&lt;pre tabindex=&#34;0&#34; class=&#34;chroma&#34;&gt;&lt;code class=&#34;language-cpp&#34; data-lang=&#34;cpp&#34;&gt;&lt;span class=&#34;line&#34;&gt;&lt;span class=&#34;cl&#34;&gt;&lt;span class=&#34;n&#34;&gt;map&lt;/span&gt;&lt;span class=&#34;o&#34;&gt;&amp;lt;&lt;/span&gt;&lt;span class=&#34;n&#34;&gt;string&lt;/span&gt;&lt;span class=&#34;p&#34;&gt;,&lt;/span&gt; &lt;span class=&#34;n&#34;&gt;string&lt;/span&gt;&lt;span class=&#34;o&#34;&gt;&amp;gt;&lt;/span&gt; &lt;span class=&#34;n&#34;&gt;glosy&lt;/span&gt; &lt;span class=&#34;o&#34;&gt;=&lt;/span&gt; &lt;span class=&#34;p&#34;&gt;{{&lt;/span&gt;&lt;span class=&#34;s&#34;&gt;&amp;#34;Ania&amp;#34;&lt;/span&gt;&lt;span class=&#34;p&#34;&gt;,&lt;/span&gt; &lt;span class=&#34;s&#34;&gt;&amp;#34;mezzosopran&amp;#34;&lt;/span&gt;&lt;span class=&#34;p&#34;&gt;},&lt;/span&gt; &lt;span class=&#34;p&#34;&gt;{&lt;/span&gt;&lt;span class=&#34;s&#34;&gt;&amp;#34;Beatka&amp;#34;&lt;/span&gt;&lt;span class=&#34;p&#34;&gt;,&lt;/span&gt; &lt;span class=&#34;s&#34;&gt;&amp;#34;alt&amp;#34;&lt;/span&gt;&lt;span class=&#34;p&#34;&gt;},&lt;/span&gt; &lt;span class=&#34;p&#34;&gt;{&lt;/span&gt;&lt;span class=&#34;s&#34;&gt;&amp;#34;Czarek&amp;#34;&lt;/span&gt;&lt;span class=&#34;p&#34;&gt;,&lt;/span&gt; &lt;span class=&#34;s&#34;&gt;&amp;#34;tenor&amp;#34;&lt;/span&gt;&lt;span class=&#34;p&#34;&gt;}};&lt;/span&gt;&#xA;&lt;/span&gt;&lt;/span&gt;&lt;/code&gt;&lt;/pre&gt;&lt;/div&gt;&lt;h2 id=&#34;odwoływanie-się-do-elementów-mapy&#34;&gt;Odwoływanie się do elementów mapy&lt;/h2&gt;&#xA;&lt;p&gt;Odwoływanie się w mapie polega na dostawaniu się do wartości kryjącej się pod kluczem. Robimy to, stosując nawiasy kwadratowe lub komendę &lt;code&gt;nazwa_mapy.at(wartość)&lt;/code&gt;. Co ciekawe jeśli odwołujemy się do klucza, który nie istnieje, automatycznie się on tworzy. Jeśli nie podamy wartości, jakiej powinien przypadać klucz, to ten drugi element będzie się równał:&lt;/p&gt;</description>
    </item>
    <item>
      <title>Napisy</title>
      <link>http://localhost:1313/Informejtycy/articles/9-ciagi-znakow/</link>
      <pubDate>Mon, 01 Jan 0001 00:00:00 +0000</pubDate>
      <guid>http://localhost:1313/Informejtycy/articles/9-ciagi-znakow/</guid>
      <description>&lt;h1 id=&#34;napisy&#34;&gt;Napisy&lt;/h1&gt;&#xA;&lt;h2 id=&#34;czym-są-napisy&#34;&gt;Czym są napisy?&lt;/h2&gt;&#xA;&lt;p&gt;W komputerze wszystko to liczby. Pytanie więc brzmi, jak przechować słowo albo zdanie? Zdanie to nic innego jak &lt;em&gt;ciąg znaków.&lt;/em&gt; Potrafimy przechować ciąg, za pomocą tablicy. Mamy typ &lt;code&gt;char&lt;/code&gt;, który pozwala przechować znaki. Więc możemy przechować ciąg, za pomocą tablicy znaków.&lt;/p&gt;&#xA;&lt;div class=&#34;highlight&#34;&gt;&lt;pre tabindex=&#34;0&#34; class=&#34;chroma&#34;&gt;&lt;code class=&#34;language-cpp&#34; data-lang=&#34;cpp&#34;&gt;&lt;span class=&#34;line&#34;&gt;&lt;span class=&#34;cl&#34;&gt;&lt;span class=&#34;kt&#34;&gt;char&lt;/span&gt; &lt;span class=&#34;n&#34;&gt;slowo&lt;/span&gt;&lt;span class=&#34;p&#34;&gt;[&lt;/span&gt;&lt;span class=&#34;mi&#34;&gt;6&lt;/span&gt;&lt;span class=&#34;p&#34;&gt;]&lt;/span&gt; &lt;span class=&#34;o&#34;&gt;=&lt;/span&gt; &lt;span class=&#34;s&#34;&gt;&amp;#34;Witaj&amp;#34;&lt;/span&gt;&lt;span class=&#34;p&#34;&gt;;&lt;/span&gt;&#xA;&lt;/span&gt;&lt;/span&gt;&lt;/code&gt;&lt;/pre&gt;&lt;/div&gt;&lt;p&gt;Podobnie jak w przypadku tablicy, możemu uzyskiwać kolejne literki poprzez kwadratowe nawiasy. Na przykład &lt;code&gt;slowo[2]&lt;/code&gt; zwróci &lt;code&gt;t&lt;/code&gt; (pamiętamy o indeksowaniu od zera). Zwróćmy uwagę na jedną rzecz, chociaż słowo &amp;ldquo;Witaj&amp;rdquo; ma długość pięciu znaków, tablica ma rozmiar &lt;code&gt;6&lt;/code&gt;. Dlaczego?&lt;/p&gt;</description>
    </item>
    <item>
      <title>NWD, NWW i algorytm Euklidesa</title>
      <link>http://localhost:1313/Informejtycy/articles/6-nwd-algorytm-euklidesa-i-nww/</link>
      <pubDate>Mon, 01 Jan 0001 00:00:00 +0000</pubDate>
      <guid>http://localhost:1313/Informejtycy/articles/6-nwd-algorytm-euklidesa-i-nww/</guid>
      <description>&lt;h1 id=&#34;nwd-nww-i-algorytm-euklidesa&#34;&gt;NWD, NWW i algorytm Euklidesa&lt;/h1&gt;&#xA;&lt;h2 id=&#34;nwd&#34;&gt;NWD&lt;/h2&gt;&#xA;&lt;p&gt;Zapewne spotkałeś się już z takim skrótem jak NWD. Oznacza on Największy Wspólny Dzielnik, czyli największą możliwą liczbę, która dzieli liczbę $a$ i liczbę $b$ bez reszty. Czy zastanawiałeś się już, jak można znaleźć NWD pisząc program w C++? Można to zrobić w bardzo prosty sposób. Już wiesz, jak znaleźć dzielniki liczby $a$, dlatego teraz wystarczy sprawdzić, czy dzielniki $a$ dzielą także $b$. Warto zauważyć, że jeśli $a$ jest większe od $b$ to niektóre dzielniki $a$ mogą być większe od $b$, dlatego warto jest sprawdzać dzielniki liczby mniejszej.&lt;/p&gt;</description>
    </item>
    <item>
      <title>Pair i Struct</title>
      <link>http://localhost:1313/Informejtycy/articles/3-pair-i-struct/</link>
      <pubDate>Mon, 01 Jan 0001 00:00:00 +0000</pubDate>
      <guid>http://localhost:1313/Informejtycy/articles/3-pair-i-struct/</guid>
      <description>&lt;h1 id=&#34;pair-i-struct&#34;&gt;Pair i Struct&lt;/h1&gt;&#xA;&lt;h2 id=&#34;czym-jest-para&#34;&gt;Czym jest para?&lt;/h2&gt;&#xA;&lt;p&gt;Jak można spodziewać się po samej nazwie, para to struktura danych służąca do przechowywania &lt;strong&gt;dwóch wartości&lt;/strong&gt;. Może ona przechowywać zarówno takie same, jak i różne typy danych.&lt;/p&gt;&#xA;&lt;h2 id=&#34;inicjowanie-pary&#34;&gt;Inicjowanie pary&lt;/h2&gt;&#xA;&lt;p&gt;Parę tworzymy podając dwa typy zmiennych w nawiasie ostrokątnym oraz jej nazwę:&lt;/p&gt;&#xA;&lt;div class=&#34;highlight&#34;&gt;&lt;pre tabindex=&#34;0&#34; class=&#34;chroma&#34;&gt;&lt;code class=&#34;language-cpp&#34; data-lang=&#34;cpp&#34;&gt;&lt;span class=&#34;line&#34;&gt;&lt;span class=&#34;cl&#34;&gt;&lt;span class=&#34;n&#34;&gt;pair&lt;/span&gt;&lt;span class=&#34;o&#34;&gt;&amp;lt;&lt;/span&gt;&lt;span class=&#34;n&#34;&gt;string&lt;/span&gt;&lt;span class=&#34;p&#34;&gt;,&lt;/span&gt; &lt;span class=&#34;kt&#34;&gt;int&lt;/span&gt;&lt;span class=&#34;o&#34;&gt;&amp;gt;&lt;/span&gt; &lt;span class=&#34;n&#34;&gt;p1&lt;/span&gt;&lt;span class=&#34;p&#34;&gt;;&lt;/span&gt;&#xA;&lt;/span&gt;&lt;/span&gt;&lt;/code&gt;&lt;/pre&gt;&lt;/div&gt;&lt;p&gt;Co ciekawe w parze możemy przechowywać inne pary, np.:&lt;/p&gt;&#xA;&lt;div class=&#34;highlight&#34;&gt;&lt;pre tabindex=&#34;0&#34; class=&#34;chroma&#34;&gt;&lt;code class=&#34;language-cpp&#34; data-lang=&#34;cpp&#34;&gt;&lt;span class=&#34;line&#34;&gt;&lt;span class=&#34;cl&#34;&gt;&lt;span class=&#34;n&#34;&gt;pair&lt;/span&gt;&lt;span class=&#34;o&#34;&gt;&amp;lt;&lt;/span&gt;&lt;span class=&#34;kt&#34;&gt;int&lt;/span&gt;&lt;span class=&#34;p&#34;&gt;,&lt;/span&gt; &lt;span class=&#34;n&#34;&gt;pair&lt;/span&gt;&lt;span class=&#34;o&#34;&gt;&amp;lt;&lt;/span&gt;&lt;span class=&#34;kt&#34;&gt;long&lt;/span&gt; &lt;span class=&#34;kt&#34;&gt;long&lt;/span&gt;&lt;span class=&#34;p&#34;&gt;,&lt;/span&gt; &lt;span class=&#34;n&#34;&gt;string&lt;/span&gt;&lt;span class=&#34;o&#34;&gt;&amp;gt;&amp;gt;&lt;/span&gt; &lt;span class=&#34;n&#34;&gt;p2&lt;/span&gt;&lt;span class=&#34;p&#34;&gt;;&lt;/span&gt;&#xA;&lt;/span&gt;&lt;/span&gt;&lt;/code&gt;&lt;/pre&gt;&lt;/div&gt;&lt;h2 id=&#34;przypisywanie-danych&#34;&gt;Przypisywanie danych&lt;/h2&gt;&#xA;&lt;p&gt;Mamy dwa sposoby na przypisanie danych. W pierwszym używamy komendy &lt;code&gt;make_pair()&lt;/code&gt;. Natomiast w drugim nie stosujemy żadnych komend. Musimy jednak pamiętać o nawiasie klamrowym:&lt;/p&gt;</description>
    </item>
    <item>
      <title>Pętle</title>
      <link>http://localhost:1313/Informejtycy/articles/4-for-while-do-while/</link>
      <pubDate>Mon, 01 Jan 0001 00:00:00 +0000</pubDate>
      <guid>http://localhost:1313/Informejtycy/articles/4-for-while-do-while/</guid>
      <description>&lt;h1 id=&#34;pętle&#34;&gt;Pętle&lt;/h1&gt;&#xA;&lt;h2 id=&#34;while&#34;&gt;While&lt;/h2&gt;&#xA;&lt;p&gt;&lt;strong&gt;Pętla&lt;/strong&gt; &lt;code&gt;while&lt;/code&gt; służy do wielokrotnego wykonywania bloku kodu, dopóki warunek pętli jest prawdziwy.&lt;/p&gt;&#xA;&lt;p&gt;&lt;strong&gt;Składnia pętli &lt;code&gt;while&lt;/code&gt;:&lt;/strong&gt;&lt;/p&gt;&#xA;&lt;div class=&#34;highlight&#34;&gt;&lt;pre tabindex=&#34;0&#34; class=&#34;chroma&#34;&gt;&lt;code class=&#34;language-cpp&#34; data-lang=&#34;cpp&#34;&gt;&lt;span class=&#34;line&#34;&gt;&lt;span class=&#34;cl&#34;&gt;&lt;span class=&#34;k&#34;&gt;while&lt;/span&gt; &lt;span class=&#34;p&#34;&gt;(&lt;/span&gt;&lt;span class=&#34;n&#34;&gt;warunek&lt;/span&gt;&lt;span class=&#34;p&#34;&gt;)&lt;/span&gt; &lt;span class=&#34;p&#34;&gt;{&lt;/span&gt;&#xA;&lt;/span&gt;&lt;/span&gt;&lt;span class=&#34;line&#34;&gt;&lt;span class=&#34;cl&#34;&gt;&#x9;&lt;span class=&#34;c1&#34;&gt;// kod do wykonania&#xA;&lt;/span&gt;&lt;/span&gt;&lt;/span&gt;&lt;span class=&#34;line&#34;&gt;&lt;span class=&#34;cl&#34;&gt;&lt;span class=&#34;c1&#34;&gt;&lt;/span&gt;&lt;span class=&#34;p&#34;&gt;}&lt;/span&gt;&#xA;&lt;/span&gt;&lt;/span&gt;&lt;/code&gt;&lt;/pre&gt;&lt;/div&gt;&lt;ol&gt;&#xA;&lt;li&gt;&#xA;&lt;p&gt;&lt;strong&gt;Warunek&lt;/strong&gt;: Przed każdą iteracją (powtórzeniem) pętla sprawdza warunek. Jeśli warunek jest &lt;strong&gt;prawdziwy&lt;/strong&gt;, blok kodu wewnątrz pętli jest wykonywany. Jeśli warunek jest &lt;strong&gt;fałszywy&lt;/strong&gt;, pętla kończy działanie.&lt;/p&gt;&#xA;&lt;/li&gt;&#xA;&lt;li&gt;&#xA;&lt;p&gt;&lt;strong&gt;Kod do wykonania&lt;/strong&gt;: Blok kodu wewnątrz pętli, który będzie wykonywany wielokrotnie, dopóki warunek będzie prawdziwy.&lt;/p&gt;&#xA;&lt;/li&gt;&#xA;&lt;/ol&gt;&#xA;&lt;p&gt;&lt;strong&gt;Przykład pętli &lt;code&gt;while&lt;/code&gt; :&lt;/strong&gt;&lt;/p&gt;&#xA;&lt;div class=&#34;highlight&#34;&gt;&lt;pre tabindex=&#34;0&#34; class=&#34;chroma&#34;&gt;&lt;code class=&#34;language-cpp&#34; data-lang=&#34;cpp&#34;&gt;&lt;span class=&#34;line&#34;&gt;&lt;span class=&#34;cl&#34;&gt;&lt;span class=&#34;cp&#34;&gt;#include&lt;/span&gt; &lt;span class=&#34;cpf&#34;&gt;&amp;lt;iostream&amp;gt;&lt;/span&gt;&lt;span class=&#34;cp&#34;&gt;&#xA;&lt;/span&gt;&lt;/span&gt;&lt;/span&gt;&lt;span class=&#34;line&#34;&gt;&lt;span class=&#34;cl&#34;&gt;&lt;span class=&#34;cp&#34;&gt;&lt;/span&gt;&lt;span class=&#34;k&#34;&gt;using&lt;/span&gt; &lt;span class=&#34;k&#34;&gt;namespace&lt;/span&gt; &lt;span class=&#34;n&#34;&gt;std&lt;/span&gt;&lt;span class=&#34;p&#34;&gt;;&lt;/span&gt;&#xA;&lt;/span&gt;&lt;/span&gt;&lt;span class=&#34;line&#34;&gt;&lt;span class=&#34;cl&#34;&gt;&#xA;&lt;/span&gt;&lt;/span&gt;&lt;span class=&#34;line&#34;&gt;&lt;span class=&#34;cl&#34;&gt;&lt;span class=&#34;kt&#34;&gt;int&lt;/span&gt; &lt;span class=&#34;nf&#34;&gt;main&lt;/span&gt;&lt;span class=&#34;p&#34;&gt;()&lt;/span&gt; &lt;span class=&#34;p&#34;&gt;{&lt;/span&gt;&#xA;&lt;/span&gt;&lt;/span&gt;&lt;span class=&#34;line&#34;&gt;&lt;span class=&#34;cl&#34;&gt;&#x9;&lt;span class=&#34;kt&#34;&gt;int&lt;/span&gt; &lt;span class=&#34;n&#34;&gt;i&lt;/span&gt; &lt;span class=&#34;o&#34;&gt;=&lt;/span&gt; &lt;span class=&#34;mi&#34;&gt;1&lt;/span&gt;&lt;span class=&#34;p&#34;&gt;;&lt;/span&gt;&#xA;&lt;/span&gt;&lt;/span&gt;&lt;span class=&#34;line&#34;&gt;&lt;span class=&#34;cl&#34;&gt;&#xA;&lt;/span&gt;&lt;/span&gt;&lt;span class=&#34;line&#34;&gt;&lt;span class=&#34;cl&#34;&gt;&#x9;&lt;span class=&#34;c1&#34;&gt;// Pętla, która wypisuje liczy od 1 do 5&#xA;&lt;/span&gt;&lt;/span&gt;&lt;/span&gt;&lt;span class=&#34;line&#34;&gt;&lt;span class=&#34;cl&#34;&gt;&lt;span class=&#34;c1&#34;&gt;&lt;/span&gt;&#x9;&lt;span class=&#34;k&#34;&gt;while&lt;/span&gt; &lt;span class=&#34;p&#34;&gt;(&lt;/span&gt;&lt;span class=&#34;n&#34;&gt;i&lt;/span&gt; &lt;span class=&#34;o&#34;&gt;&amp;lt;=&lt;/span&gt; &lt;span class=&#34;mi&#34;&gt;5&lt;/span&gt;&lt;span class=&#34;p&#34;&gt;)&lt;/span&gt; &lt;span class=&#34;p&#34;&gt;{&lt;/span&gt;&#xA;&lt;/span&gt;&lt;/span&gt;&lt;span class=&#34;line&#34;&gt;&lt;span class=&#34;cl&#34;&gt;&#x9;&#x9;&lt;span class=&#34;n&#34;&gt;cout&lt;/span&gt; &lt;span class=&#34;o&#34;&gt;&amp;lt;&amp;lt;&lt;/span&gt; &lt;span class=&#34;n&#34;&gt;i&lt;/span&gt; &lt;span class=&#34;o&#34;&gt;&amp;lt;&amp;lt;&lt;/span&gt; &lt;span class=&#34;s&#34;&gt;&amp;#34; &amp;#34;&lt;/span&gt;&lt;span class=&#34;p&#34;&gt;;&lt;/span&gt;&#xA;&lt;/span&gt;&lt;/span&gt;&lt;span class=&#34;line&#34;&gt;&lt;span class=&#34;cl&#34;&gt;&#x9;&#x9;&lt;span class=&#34;n&#34;&gt;i&lt;/span&gt;&lt;span class=&#34;o&#34;&gt;++&lt;/span&gt;&lt;span class=&#34;p&#34;&gt;;&lt;/span&gt;&#xA;&lt;/span&gt;&lt;/span&gt;&lt;span class=&#34;line&#34;&gt;&lt;span class=&#34;cl&#34;&gt;&#x9;&lt;span class=&#34;p&#34;&gt;}&lt;/span&gt;&#xA;&lt;/span&gt;&lt;/span&gt;&lt;span class=&#34;line&#34;&gt;&lt;span class=&#34;cl&#34;&gt;&#x9;&lt;span class=&#34;c1&#34;&gt;// Wypisze: 1 2 3 4 5&#xA;&lt;/span&gt;&lt;/span&gt;&lt;/span&gt;&lt;span class=&#34;line&#34;&gt;&lt;span class=&#34;cl&#34;&gt;&lt;span class=&#34;c1&#34;&gt;&lt;/span&gt;&#xA;&lt;/span&gt;&lt;/span&gt;&lt;span class=&#34;line&#34;&gt;&lt;span class=&#34;cl&#34;&gt;&#x9;&lt;span class=&#34;k&#34;&gt;return&lt;/span&gt; &lt;span class=&#34;mi&#34;&gt;0&lt;/span&gt;&lt;span class=&#34;p&#34;&gt;;&lt;/span&gt;&#xA;&lt;/span&gt;&lt;/span&gt;&lt;span class=&#34;line&#34;&gt;&lt;span class=&#34;cl&#34;&gt;&lt;span class=&#34;p&#34;&gt;}&lt;/span&gt;&#xA;&lt;/span&gt;&lt;/span&gt;&lt;/code&gt;&lt;/pre&gt;&lt;/div&gt;&lt;p&gt;&lt;strong&gt;Wyjaśnienie:&lt;/strong&gt;&lt;/p&gt;</description>
    </item>
    <item>
      <title>Pierwszość i podzielność liczb</title>
      <link>http://localhost:1313/Informejtycy/articles/5-pierwszosc-i-podzielnosc/</link>
      <pubDate>Mon, 01 Jan 0001 00:00:00 +0000</pubDate>
      <guid>http://localhost:1313/Informejtycy/articles/5-pierwszosc-i-podzielnosc/</guid>
      <description>&lt;h1 id=&#34;sprawdzanie-pierwszości-podzielności-i-liczby-dzielników-liczb&#34;&gt;Sprawdzanie pierwszości, podzielności i liczby dzielników liczb&lt;/h1&gt;&#xA;&lt;h2 id=&#34;podzielność&#34;&gt;Podzielność&lt;/h2&gt;&#xA;&lt;p&gt;Aby sprawdzić, czy liczba $a$ dzieli się przez liczbę $b$, możemy użyć operatora &lt;code&gt;%&lt;/code&gt;. Sprawdzimy więc, czy reszta z dzielenia liczby $a$ przez liczbę $b$ jest równa 0.&lt;/p&gt;&#xA;&lt;div class=&#34;highlight&#34;&gt;&lt;pre tabindex=&#34;0&#34; class=&#34;chroma&#34;&gt;&lt;code class=&#34;language-cpp&#34; data-lang=&#34;cpp&#34;&gt;&lt;span class=&#34;line&#34;&gt;&lt;span class=&#34;cl&#34;&gt;&lt;span class=&#34;kt&#34;&gt;bool&lt;/span&gt; &lt;span class=&#34;n&#34;&gt;czy_a_dzieli_sie_przez_b&lt;/span&gt; &lt;span class=&#34;o&#34;&gt;=&lt;/span&gt; &lt;span class=&#34;nb&#34;&gt;false&lt;/span&gt;&lt;span class=&#34;p&#34;&gt;;&lt;/span&gt; &lt;span class=&#34;c1&#34;&gt;// poczatkowo ustawiamy falsz&#xA;&lt;/span&gt;&lt;/span&gt;&lt;/span&gt;&lt;span class=&#34;line&#34;&gt;&lt;span class=&#34;cl&#34;&gt;&lt;span class=&#34;c1&#34;&gt;&lt;/span&gt;&lt;span class=&#34;k&#34;&gt;if&lt;/span&gt; &lt;span class=&#34;p&#34;&gt;(&lt;/span&gt;&lt;span class=&#34;n&#34;&gt;a&lt;/span&gt; &lt;span class=&#34;o&#34;&gt;%&lt;/span&gt; &lt;span class=&#34;n&#34;&gt;b&lt;/span&gt; &lt;span class=&#34;o&#34;&gt;==&lt;/span&gt; &lt;span class=&#34;mi&#34;&gt;0&lt;/span&gt;&lt;span class=&#34;p&#34;&gt;)&lt;/span&gt; &lt;span class=&#34;n&#34;&gt;czy_a_dzieli_sie_przez_b&lt;/span&gt; &lt;span class=&#34;o&#34;&gt;=&lt;/span&gt; &lt;span class=&#34;nb&#34;&gt;true&lt;/span&gt;&lt;span class=&#34;p&#34;&gt;;&lt;/span&gt; &lt;span class=&#34;c1&#34;&gt;// uzywamy operatora %&#xA;&lt;/span&gt;&lt;/span&gt;&lt;/span&gt;&lt;/code&gt;&lt;/pre&gt;&lt;/div&gt;&lt;p&gt;Powyższy fragment kodu sprawdza, czy liczba $a$ dzieli się przez liczbę $b$.&lt;/p&gt;&#xA;&lt;h2 id=&#34;sprawdzanie-pierwszości&#34;&gt;Sprawdzanie pierwszości&lt;/h2&gt;&#xA;&lt;p&gt;Korzystając z pętli while możemy sprawdzić, czy dana liczba jest pierwsza. Liczba pierwsza to taka, która ma dokładnie 2 różne dzielniki (1 i samą siebie). Dla przykładu, liczby 2, 3, 5, 7 są liczbami pierwszymi, a liczby 0, 1, 4, 8, 9 nie są. Więcej o liczbach pierwszych można wyczytać na &lt;a href=&#34;https://pl.wikipedia.org/wiki/Liczby_pierwsze&#34;&gt;Wikipedii&lt;/a&gt;.&#xA;Spróbujmy się zastanowić, jak by miał działać prosty program, który wczytuje jedną liczbę naturalną $a$, taką, że $0 \leq a \leq 10^6$ i wypisuje TAK jeśli liczba jest pierwsza lub NIE w przeciwnym wypadku. Oto pomysł na program:&lt;/p&gt;</description>
    </item>
    <item>
      <title>Pierwszy program w C&#43;&#43;</title>
      <link>http://localhost:1313/Informejtycy/articles/1-pierwszy-program/</link>
      <pubDate>Mon, 01 Jan 0001 00:00:00 +0000</pubDate>
      <guid>http://localhost:1313/Informejtycy/articles/1-pierwszy-program/</guid>
      <description>&lt;h1 id=&#34;pierwszy-program-w-c&#34;&gt;Pierwszy program w C++&lt;/h1&gt;&#xA;&lt;h2 id=&#34;pierwsze-kroki&#34;&gt;Pierwsze kroki&lt;/h2&gt;&#xA;&lt;p&gt;Spróbujmy najpierw napisać program, który coś wypisze. Mówi się, że komputer &lt;em&gt;wypisuje coś na wyjście&lt;/em&gt;, czyli, że tekst pojawi się na ekranie. Oto linijka, która to robi:&lt;/p&gt;&#xA;&lt;div class=&#34;highlight&#34;&gt;&lt;pre tabindex=&#34;0&#34; class=&#34;chroma&#34;&gt;&lt;code class=&#34;language-cpp&#34; data-lang=&#34;cpp&#34;&gt;&lt;span class=&#34;line&#34;&gt;&lt;span class=&#34;cl&#34;&gt;&lt;span class=&#34;n&#34;&gt;std&lt;/span&gt;&lt;span class=&#34;o&#34;&gt;::&lt;/span&gt;&lt;span class=&#34;n&#34;&gt;cout&lt;/span&gt; &lt;span class=&#34;o&#34;&gt;&amp;lt;&amp;lt;&lt;/span&gt; &lt;span class=&#34;s&#34;&gt;&amp;#34;Witaj uzytkowniku!&amp;#34;&lt;/span&gt;&lt;span class=&#34;p&#34;&gt;;&lt;/span&gt;&#xA;&lt;/span&gt;&lt;/span&gt;&lt;/code&gt;&lt;/pre&gt;&lt;/div&gt;&lt;p&gt;Na ten moment nie przejmuj się tym &lt;code&gt;std::&lt;/code&gt;, zaraz wyjaśni się, dlaczego jest to potrzebne i jak tego uniknąć.&lt;/p&gt;&#xA;&lt;p&gt;Każda linijka musi się kończyć znakiem &lt;code&gt;;&lt;/code&gt; - tak został stworzony język, żeby jasno oddzielić od siebie linie. &lt;code&gt;cout&lt;/code&gt; to z angielskiego &lt;em&gt;character output&lt;/em&gt;, czyli wyjście znaków. Komputer oczekuje po nim znaku &lt;code&gt;&amp;lt;&amp;lt;&lt;/code&gt;, po którym powinna znaleźć się wartość do wypisania. Z racji tego, że program ma wypisać słowo (albo zdanie), a nie na przykład liczbę, musi ona znaleźć się między znakami &lt;code&gt;&amp;quot; &amp;quot;&lt;/code&gt;. Co istotne, na razie dopuszczane są tylko litery alfabetu łacińskiego.&lt;/p&gt;</description>
    </item>
    <item>
      <title>Priority queue</title>
      <link>http://localhost:1313/Informejtycy/articles/6-priority-queue/</link>
      <pubDate>Mon, 01 Jan 0001 00:00:00 +0000</pubDate>
      <guid>http://localhost:1313/Informejtycy/articles/6-priority-queue/</guid>
      <description>&lt;h1 id=&#34;priority-queue&#34;&gt;Priority queue&lt;/h1&gt;&#xA;&lt;p&gt;Poznałeś już, czym jest zwykła kolejka. Każdy dodany element ustawia się w niej i czeka na chwilę, gdy znajdzie się na jej przodzie. Niekiedy jednak przydatne mogłoby okazać się narzędzie, umożliwiające na trzymanie elementów w dowolnej kolejności - najlepiej tak, aby wpasowywało ono nowo dodany fragment w już istniejący. Standardowa biblioteka C++ oczywiście posiada takie narzędzie. Nosi ono nazwę &lt;code&gt;priority_queue&lt;/code&gt; i zawiera&#xA;się w nagłówku &lt;code&gt;&amp;lt;queue&amp;gt;&lt;/code&gt;.&lt;/p&gt;&#xA;&lt;p&gt;By zainicjować kolejkę priorytetową wystarczy napisać &lt;code&gt;priority_queue&lt;/code&gt; i w nawiasach ostrokątnych podać typ, jaki będzie przechowywany w kolejce. Domyślnie kolejka przechowuje elementy malejąco.&lt;/p&gt;</description>
    </item>
    <item>
      <title>Rekurencja</title>
      <link>http://localhost:1313/Informejtycy/articles/10-rekurencja/</link>
      <pubDate>Mon, 01 Jan 0001 00:00:00 +0000</pubDate>
      <guid>http://localhost:1313/Informejtycy/articles/10-rekurencja/</guid>
      <description>&lt;h1 id=&#34;rekurencja&#34;&gt;Rekurencja&lt;/h1&gt;&#xA;&lt;p&gt;&lt;strong&gt;Funkcja rekurencyjna&lt;/strong&gt; to funkcja, która uruchamia samą siebie. Pytanie brzmi - kiedy takie funkcje są nam potrzebne?&lt;/p&gt;&#xA;&lt;h2 id=&#34;po-co-nam-rekurencja&#34;&gt;Po co nam rekurencja?&lt;/h2&gt;&#xA;&lt;p&gt;Wyobraźmy sobie, że analizujemy strukturę. Jej wartość określa się, jako sumę jej wartości. Wartościami struktury mogą być&#xA;liczby, albo inne struktury. Program, który obliczyłby wartość danej struktury, musiałby zsumować jej wartości. Co&#xA;jeśli wartość jest mu nie znana - musi ją pozyskać, a więc zsumować jej wartości. Co jeśli wartością tej kolejnej struktury&#xA;jest jeszcze kolejna struktura? Znowu musimy pozyskać jej wartość. Cały proces się zapętla, a program może zrobić się bardzo&#xA;skomplikowany. Funkcja rekurencja rozwiązuje ten problem. Najpierw implementujemy jej działanie dla &lt;em&gt;idealnej&lt;/em&gt; struktury,&#xA;czyli takiej, której wartościami są jedynie liczby. Teraz dodajemy warunek, jeżeli jakąś wartością struktury jest inna&#xA;struktura, uruchom się dla niej. Dzięki temu, niezależnie czy ta głębsza struktura będzie idealna czy nie, funkcja&#xA;poprawnie obliczy jej wartość. Jeśli bowiem natrafi na kolejną strukturę, wywoła się dla niej - niezależnie od tego jak bardzo&#xA;&lt;em&gt;zagnieżdżone&lt;/em&gt; są te struktury, funkcja ta policzy wszystkie ich wartości.&lt;/p&gt;</description>
    </item>
    <item>
      <title>Set i multiset</title>
      <link>http://localhost:1313/Informejtycy/articles/7-set-i-multiset/</link>
      <pubDate>Mon, 01 Jan 0001 00:00:00 +0000</pubDate>
      <guid>http://localhost:1313/Informejtycy/articles/7-set-i-multiset/</guid>
      <description>&lt;h1 id=&#34;set-i-multiset&#34;&gt;Set i multiset&lt;/h1&gt;&#xA;&lt;h2 id=&#34;set&#34;&gt;Set&lt;/h2&gt;&#xA;&lt;p&gt;&lt;code&gt;set&lt;/code&gt; jest strukturą danych, która przechowuje unikalne elementy w porządku rosnącym (domyślnie, ale porządek ten można dostosować).&lt;/p&gt;&#xA;&lt;p&gt;&lt;strong&gt;Podstawowe cechy &lt;code&gt;set&lt;/code&gt;:&lt;/strong&gt;&lt;/p&gt;&#xA;&lt;ul&gt;&#xA;&lt;li&gt;&#xA;&lt;p&gt;&lt;strong&gt;Unikalność elementów&lt;/strong&gt; – &lt;code&gt;set&lt;/code&gt; nie dopuszcza powtarzających się elementów. Każdy element w zbiorze występuje tylko raz.&lt;/p&gt;&#xA;&lt;/li&gt;&#xA;&lt;li&gt;&#xA;&lt;p&gt;&lt;strong&gt;Porządek&lt;/strong&gt; – elementy w &lt;code&gt;set&lt;/code&gt; są przechowywane w uporządkowanej kolejności.&lt;/p&gt;&#xA;&lt;/li&gt;&#xA;&lt;/ul&gt;&#xA;&lt;p&gt;&lt;strong&gt;Operacje na &lt;code&gt;set&lt;/code&gt;:&lt;/strong&gt;&lt;/p&gt;&#xA;&lt;ul&gt;&#xA;&lt;li&gt;&#xA;&lt;p&gt;&lt;code&gt;insert()&lt;/code&gt; – dodaje element do zbioru (jeśli nie istnieje).&lt;/p&gt;&#xA;&lt;/li&gt;&#xA;&lt;li&gt;&#xA;&lt;p&gt;&lt;code&gt;find()&lt;/code&gt; – wyszukuje element w zbiorze.&lt;/p&gt;&#xA;&lt;/li&gt;&#xA;&lt;li&gt;&#xA;&lt;p&gt;&lt;code&gt;erase()&lt;/code&gt; – usuwa element ze zbioru.&lt;/p&gt;</description>
    </item>
    <item>
      <title>Sortowanie</title>
      <link>http://localhost:1313/Informejtycy/articles/13-sortowanie/</link>
      <pubDate>Mon, 01 Jan 0001 00:00:00 +0000</pubDate>
      <guid>http://localhost:1313/Informejtycy/articles/13-sortowanie/</guid>
      <description>&lt;h1 id=&#34;sortowanie&#34;&gt;Sortowanie&lt;/h1&gt;&#xA;&lt;h2 id=&#34;sortowanie-przez-wybieranie-selection-sort&#34;&gt;Sortowanie przez wybieranie (Selection Sort)&lt;/h2&gt;&#xA;&lt;p&gt;&lt;strong&gt;Sortowanie przez wybieranie&lt;/strong&gt; polega na znajdowaniu najmniejszego (lub największego) elementu w nieposortowanej części tablicy i zamianie go z pierwszym elementem tej części. Proces ten powtarzamy dla kolejnych pozycji aż cała tablica będzie posortowana.&lt;/p&gt;&#xA;&lt;p&gt;&lt;strong&gt;Jak to działa?:&lt;/strong&gt;&lt;/p&gt;&#xA;&lt;ol&gt;&#xA;&lt;li&gt;Przechodzimy po tablicy, wybierając najmniejszy element z pozostałych.&lt;/li&gt;&#xA;&lt;li&gt;Zamieniamy go z pierwszym elementem w nieposortowanej części.&lt;/li&gt;&#xA;&lt;li&gt;Powtarzamy krok 1 dla pozostałych elementów.&lt;/li&gt;&#xA;&lt;/ol&gt;&#xA;&lt;p&gt;&lt;strong&gt;Kod:&lt;/strong&gt;&lt;/p&gt;&#xA;&lt;div class=&#34;highlight&#34;&gt;&lt;pre tabindex=&#34;0&#34; class=&#34;chroma&#34;&gt;&lt;code class=&#34;language-cpp&#34; data-lang=&#34;cpp&#34;&gt;&lt;span class=&#34;line&#34;&gt;&lt;span class=&#34;cl&#34;&gt;&lt;span class=&#34;cp&#34;&gt;#include&lt;/span&gt; &lt;span class=&#34;cpf&#34;&gt;&amp;lt;iostream&amp;gt;&lt;/span&gt;&lt;span class=&#34;cp&#34;&gt;&#xA;&lt;/span&gt;&lt;/span&gt;&lt;/span&gt;&lt;span class=&#34;line&#34;&gt;&lt;span class=&#34;cl&#34;&gt;&lt;span class=&#34;cp&#34;&gt;&lt;/span&gt;&lt;span class=&#34;k&#34;&gt;using&lt;/span&gt; &lt;span class=&#34;k&#34;&gt;namespace&lt;/span&gt; &lt;span class=&#34;n&#34;&gt;std&lt;/span&gt;&lt;span class=&#34;p&#34;&gt;;&lt;/span&gt;&#xA;&lt;/span&gt;&lt;/span&gt;&lt;span class=&#34;line&#34;&gt;&lt;span class=&#34;cl&#34;&gt;&#xA;&lt;/span&gt;&lt;/span&gt;&lt;span class=&#34;line&#34;&gt;&lt;span class=&#34;cl&#34;&gt;&lt;span class=&#34;kt&#34;&gt;void&lt;/span&gt; &lt;span class=&#34;nf&#34;&gt;sortowanie&lt;/span&gt;&lt;span class=&#34;p&#34;&gt;(&lt;/span&gt;&lt;span class=&#34;kt&#34;&gt;int&lt;/span&gt; &lt;span class=&#34;n&#34;&gt;tablica&lt;/span&gt;&lt;span class=&#34;p&#34;&gt;[],&lt;/span&gt; &lt;span class=&#34;kt&#34;&gt;int&lt;/span&gt; &lt;span class=&#34;n&#34;&gt;n&lt;/span&gt;&lt;span class=&#34;p&#34;&gt;)&lt;/span&gt; &lt;span class=&#34;p&#34;&gt;{&lt;/span&gt;&#xA;&lt;/span&gt;&lt;/span&gt;&lt;span class=&#34;line&#34;&gt;&lt;span class=&#34;cl&#34;&gt;&#xA;&lt;/span&gt;&lt;/span&gt;&lt;span class=&#34;line&#34;&gt;&lt;span class=&#34;cl&#34;&gt;    &lt;span class=&#34;k&#34;&gt;for&lt;/span&gt; &lt;span class=&#34;p&#34;&gt;(&lt;/span&gt;&lt;span class=&#34;kt&#34;&gt;int&lt;/span&gt; &lt;span class=&#34;n&#34;&gt;i&lt;/span&gt; &lt;span class=&#34;o&#34;&gt;=&lt;/span&gt; &lt;span class=&#34;mi&#34;&gt;0&lt;/span&gt;&lt;span class=&#34;p&#34;&gt;;&lt;/span&gt; &lt;span class=&#34;n&#34;&gt;i&lt;/span&gt; &lt;span class=&#34;o&#34;&gt;&amp;lt;&lt;/span&gt; &lt;span class=&#34;n&#34;&gt;n&lt;/span&gt; &lt;span class=&#34;o&#34;&gt;-&lt;/span&gt; &lt;span class=&#34;mi&#34;&gt;1&lt;/span&gt;&lt;span class=&#34;p&#34;&gt;;&lt;/span&gt; &lt;span class=&#34;n&#34;&gt;i&lt;/span&gt;&lt;span class=&#34;o&#34;&gt;++&lt;/span&gt;&lt;span class=&#34;p&#34;&gt;)&lt;/span&gt; &lt;span class=&#34;p&#34;&gt;{&lt;/span&gt;&#xA;&lt;/span&gt;&lt;/span&gt;&lt;span class=&#34;line&#34;&gt;&lt;span class=&#34;cl&#34;&gt;&#xA;&lt;/span&gt;&lt;/span&gt;&lt;span class=&#34;line&#34;&gt;&lt;span class=&#34;cl&#34;&gt;        &lt;span class=&#34;kt&#34;&gt;int&lt;/span&gt; &lt;span class=&#34;n&#34;&gt;najmniejszy&lt;/span&gt; &lt;span class=&#34;o&#34;&gt;=&lt;/span&gt; &lt;span class=&#34;n&#34;&gt;i&lt;/span&gt;&lt;span class=&#34;p&#34;&gt;;&lt;/span&gt; &lt;span class=&#34;c1&#34;&gt;// Zakładamy, że obecny element jest najmniejszy&#xA;&lt;/span&gt;&lt;/span&gt;&lt;/span&gt;&lt;span class=&#34;line&#34;&gt;&lt;span class=&#34;cl&#34;&gt;&lt;span class=&#34;c1&#34;&gt;&lt;/span&gt;&#xA;&lt;/span&gt;&lt;/span&gt;&lt;span class=&#34;line&#34;&gt;&lt;span class=&#34;cl&#34;&gt;        &lt;span class=&#34;c1&#34;&gt;// Jeśli znajdziemy mniejszy element, zmieniamy indeks najmniejszego&#xA;&lt;/span&gt;&lt;/span&gt;&lt;/span&gt;&lt;span class=&#34;line&#34;&gt;&lt;span class=&#34;cl&#34;&gt;&lt;span class=&#34;c1&#34;&gt;&lt;/span&gt;        &lt;span class=&#34;k&#34;&gt;for&lt;/span&gt; &lt;span class=&#34;p&#34;&gt;(&lt;/span&gt;&lt;span class=&#34;kt&#34;&gt;int&lt;/span&gt; &lt;span class=&#34;n&#34;&gt;j&lt;/span&gt; &lt;span class=&#34;o&#34;&gt;=&lt;/span&gt; &lt;span class=&#34;n&#34;&gt;i&lt;/span&gt; &lt;span class=&#34;o&#34;&gt;+&lt;/span&gt; &lt;span class=&#34;mi&#34;&gt;1&lt;/span&gt;&lt;span class=&#34;p&#34;&gt;;&lt;/span&gt; &lt;span class=&#34;n&#34;&gt;j&lt;/span&gt; &lt;span class=&#34;o&#34;&gt;&amp;lt;&lt;/span&gt; &lt;span class=&#34;n&#34;&gt;n&lt;/span&gt;&lt;span class=&#34;p&#34;&gt;;&lt;/span&gt; &lt;span class=&#34;n&#34;&gt;j&lt;/span&gt;&lt;span class=&#34;o&#34;&gt;++&lt;/span&gt;&lt;span class=&#34;p&#34;&gt;)&lt;/span&gt; &lt;span class=&#34;p&#34;&gt;{&lt;/span&gt;&#xA;&lt;/span&gt;&lt;/span&gt;&lt;span class=&#34;line&#34;&gt;&lt;span class=&#34;cl&#34;&gt;            &lt;span class=&#34;k&#34;&gt;if&lt;/span&gt; &lt;span class=&#34;p&#34;&gt;(&lt;/span&gt;&lt;span class=&#34;n&#34;&gt;tablica&lt;/span&gt;&lt;span class=&#34;p&#34;&gt;[&lt;/span&gt;&lt;span class=&#34;n&#34;&gt;j&lt;/span&gt;&lt;span class=&#34;p&#34;&gt;]&lt;/span&gt; &lt;span class=&#34;o&#34;&gt;&amp;lt;&lt;/span&gt; &lt;span class=&#34;n&#34;&gt;tablica&lt;/span&gt;&lt;span class=&#34;p&#34;&gt;[&lt;/span&gt;&lt;span class=&#34;n&#34;&gt;najmniejszy&lt;/span&gt;&lt;span class=&#34;p&#34;&gt;])&lt;/span&gt; &lt;span class=&#34;p&#34;&gt;{&lt;/span&gt;&#xA;&lt;/span&gt;&lt;/span&gt;&lt;span class=&#34;line&#34;&gt;&lt;span class=&#34;cl&#34;&gt;                &lt;span class=&#34;n&#34;&gt;najmniejszy&lt;/span&gt; &lt;span class=&#34;o&#34;&gt;=&lt;/span&gt; &lt;span class=&#34;n&#34;&gt;j&lt;/span&gt;&lt;span class=&#34;p&#34;&gt;;&lt;/span&gt;&#xA;&lt;/span&gt;&lt;/span&gt;&lt;span class=&#34;line&#34;&gt;&lt;span class=&#34;cl&#34;&gt;            &lt;span class=&#34;p&#34;&gt;}&lt;/span&gt;&#xA;&lt;/span&gt;&lt;/span&gt;&lt;span class=&#34;line&#34;&gt;&lt;span class=&#34;cl&#34;&gt;        &lt;span class=&#34;p&#34;&gt;}&lt;/span&gt;&#xA;&lt;/span&gt;&lt;/span&gt;&lt;span class=&#34;line&#34;&gt;&lt;span class=&#34;cl&#34;&gt;&#xA;&lt;/span&gt;&lt;/span&gt;&lt;span class=&#34;line&#34;&gt;&lt;span class=&#34;cl&#34;&gt;        &lt;span class=&#34;c1&#34;&gt;// Zamieniamy elementy miejscami&#xA;&lt;/span&gt;&lt;/span&gt;&lt;/span&gt;&lt;span class=&#34;line&#34;&gt;&lt;span class=&#34;cl&#34;&gt;&lt;span class=&#34;c1&#34;&gt;&lt;/span&gt;        &lt;span class=&#34;kt&#34;&gt;int&lt;/span&gt; &lt;span class=&#34;n&#34;&gt;a&lt;/span&gt; &lt;span class=&#34;o&#34;&gt;=&lt;/span&gt; &lt;span class=&#34;n&#34;&gt;tablica&lt;/span&gt;&lt;span class=&#34;p&#34;&gt;[&lt;/span&gt;&lt;span class=&#34;n&#34;&gt;i&lt;/span&gt;&lt;span class=&#34;p&#34;&gt;];&lt;/span&gt;&#xA;&lt;/span&gt;&lt;/span&gt;&lt;span class=&#34;line&#34;&gt;&lt;span class=&#34;cl&#34;&gt;        &lt;span class=&#34;n&#34;&gt;tablica&lt;/span&gt;&lt;span class=&#34;p&#34;&gt;[&lt;/span&gt;&lt;span class=&#34;n&#34;&gt;i&lt;/span&gt;&lt;span class=&#34;p&#34;&gt;]&lt;/span&gt; &lt;span class=&#34;o&#34;&gt;=&lt;/span&gt; &lt;span class=&#34;n&#34;&gt;tablica&lt;/span&gt;&lt;span class=&#34;p&#34;&gt;[&lt;/span&gt;&lt;span class=&#34;n&#34;&gt;najmniejszy&lt;/span&gt;&lt;span class=&#34;p&#34;&gt;];&lt;/span&gt;&#xA;&lt;/span&gt;&lt;/span&gt;&lt;span class=&#34;line&#34;&gt;&lt;span class=&#34;cl&#34;&gt;        &lt;span class=&#34;n&#34;&gt;tablica&lt;/span&gt;&lt;span class=&#34;p&#34;&gt;[&lt;/span&gt;&lt;span class=&#34;n&#34;&gt;najmniejszy&lt;/span&gt;&lt;span class=&#34;p&#34;&gt;]&lt;/span&gt; &lt;span class=&#34;o&#34;&gt;=&lt;/span&gt; &lt;span class=&#34;n&#34;&gt;a&lt;/span&gt;&lt;span class=&#34;p&#34;&gt;;&lt;/span&gt;&#xA;&lt;/span&gt;&lt;/span&gt;&lt;span class=&#34;line&#34;&gt;&lt;span class=&#34;cl&#34;&gt;    &lt;span class=&#34;p&#34;&gt;}&lt;/span&gt;&#xA;&lt;/span&gt;&lt;/span&gt;&lt;span class=&#34;line&#34;&gt;&lt;span class=&#34;cl&#34;&gt;&lt;span class=&#34;p&#34;&gt;}&lt;/span&gt;&#xA;&lt;/span&gt;&lt;/span&gt;&lt;span class=&#34;line&#34;&gt;&lt;span class=&#34;cl&#34;&gt;&#xA;&lt;/span&gt;&lt;/span&gt;&lt;span class=&#34;line&#34;&gt;&lt;span class=&#34;cl&#34;&gt;&lt;span class=&#34;kt&#34;&gt;int&lt;/span&gt; &lt;span class=&#34;nf&#34;&gt;main&lt;/span&gt;&lt;span class=&#34;p&#34;&gt;()&lt;/span&gt; &lt;span class=&#34;p&#34;&gt;{&lt;/span&gt;&#xA;&lt;/span&gt;&lt;/span&gt;&lt;span class=&#34;line&#34;&gt;&lt;span class=&#34;cl&#34;&gt;    &lt;span class=&#34;kt&#34;&gt;int&lt;/span&gt; &lt;span class=&#34;n&#34;&gt;tablica&lt;/span&gt;&lt;span class=&#34;p&#34;&gt;[&lt;/span&gt;&lt;span class=&#34;mi&#34;&gt;5&lt;/span&gt;&lt;span class=&#34;p&#34;&gt;]&lt;/span&gt; &lt;span class=&#34;o&#34;&gt;=&lt;/span&gt; &lt;span class=&#34;p&#34;&gt;{&lt;/span&gt;&lt;span class=&#34;mi&#34;&gt;20&lt;/span&gt;&lt;span class=&#34;p&#34;&gt;,&lt;/span&gt; &lt;span class=&#34;mi&#34;&gt;40&lt;/span&gt;&lt;span class=&#34;p&#34;&gt;,&lt;/span&gt; &lt;span class=&#34;mi&#34;&gt;30&lt;/span&gt;&lt;span class=&#34;p&#34;&gt;,&lt;/span&gt; &lt;span class=&#34;mi&#34;&gt;50&lt;/span&gt;&lt;span class=&#34;p&#34;&gt;,&lt;/span&gt; &lt;span class=&#34;mi&#34;&gt;10&lt;/span&gt;&lt;span class=&#34;p&#34;&gt;};&lt;/span&gt;&#xA;&lt;/span&gt;&lt;/span&gt;&lt;span class=&#34;line&#34;&gt;&lt;span class=&#34;cl&#34;&gt;    &lt;span class=&#34;kt&#34;&gt;int&lt;/span&gt; &lt;span class=&#34;n&#34;&gt;n&lt;/span&gt; &lt;span class=&#34;o&#34;&gt;=&lt;/span&gt; &lt;span class=&#34;mi&#34;&gt;5&lt;/span&gt;&lt;span class=&#34;p&#34;&gt;;&lt;/span&gt; &lt;span class=&#34;c1&#34;&gt;// Rozmiar tablicy&#xA;&lt;/span&gt;&lt;/span&gt;&lt;/span&gt;&lt;span class=&#34;line&#34;&gt;&lt;span class=&#34;cl&#34;&gt;&lt;span class=&#34;c1&#34;&gt;&lt;/span&gt;&#xA;&lt;/span&gt;&lt;/span&gt;&lt;span class=&#34;line&#34;&gt;&lt;span class=&#34;cl&#34;&gt;    &lt;span class=&#34;n&#34;&gt;sortowanie&lt;/span&gt;&lt;span class=&#34;p&#34;&gt;(&lt;/span&gt;&lt;span class=&#34;n&#34;&gt;tablica&lt;/span&gt;&lt;span class=&#34;p&#34;&gt;,&lt;/span&gt; &lt;span class=&#34;n&#34;&gt;n&lt;/span&gt;&lt;span class=&#34;p&#34;&gt;);&lt;/span&gt;&#xA;&lt;/span&gt;&lt;/span&gt;&lt;span class=&#34;line&#34;&gt;&lt;span class=&#34;cl&#34;&gt;&#xA;&lt;/span&gt;&lt;/span&gt;&lt;span class=&#34;line&#34;&gt;&lt;span class=&#34;cl&#34;&gt;    &lt;span class=&#34;k&#34;&gt;for&lt;/span&gt; &lt;span class=&#34;p&#34;&gt;(&lt;/span&gt;&lt;span class=&#34;kt&#34;&gt;int&lt;/span&gt; &lt;span class=&#34;n&#34;&gt;i&lt;/span&gt; &lt;span class=&#34;o&#34;&gt;=&lt;/span&gt; &lt;span class=&#34;mi&#34;&gt;0&lt;/span&gt;&lt;span class=&#34;p&#34;&gt;;&lt;/span&gt; &lt;span class=&#34;n&#34;&gt;i&lt;/span&gt; &lt;span class=&#34;o&#34;&gt;&amp;lt;&lt;/span&gt; &lt;span class=&#34;n&#34;&gt;n&lt;/span&gt;&lt;span class=&#34;p&#34;&gt;;&lt;/span&gt; &lt;span class=&#34;n&#34;&gt;i&lt;/span&gt;&lt;span class=&#34;o&#34;&gt;++&lt;/span&gt;&lt;span class=&#34;p&#34;&gt;)&lt;/span&gt; &lt;span class=&#34;p&#34;&gt;{&lt;/span&gt;&#xA;&lt;/span&gt;&lt;/span&gt;&lt;span class=&#34;line&#34;&gt;&lt;span class=&#34;cl&#34;&gt;        &lt;span class=&#34;n&#34;&gt;cout&lt;/span&gt; &lt;span class=&#34;o&#34;&gt;&amp;lt;&amp;lt;&lt;/span&gt; &lt;span class=&#34;n&#34;&gt;tablica&lt;/span&gt;&lt;span class=&#34;p&#34;&gt;[&lt;/span&gt;&lt;span class=&#34;n&#34;&gt;i&lt;/span&gt;&lt;span class=&#34;p&#34;&gt;]&lt;/span&gt; &lt;span class=&#34;o&#34;&gt;&amp;lt;&amp;lt;&lt;/span&gt; &lt;span class=&#34;s&#34;&gt;&amp;#34; &amp;#34;&lt;/span&gt;&lt;span class=&#34;p&#34;&gt;;&lt;/span&gt;&#xA;&lt;/span&gt;&lt;/span&gt;&lt;span class=&#34;line&#34;&gt;&lt;span class=&#34;cl&#34;&gt;    &lt;span class=&#34;p&#34;&gt;}&lt;/span&gt;&#xA;&lt;/span&gt;&lt;/span&gt;&lt;span class=&#34;line&#34;&gt;&lt;span class=&#34;cl&#34;&gt;    &lt;span class=&#34;c1&#34;&gt;// Wypisze: 10 20 30 40 50&#xA;&lt;/span&gt;&lt;/span&gt;&lt;/span&gt;&lt;span class=&#34;line&#34;&gt;&lt;span class=&#34;cl&#34;&gt;&lt;span class=&#34;c1&#34;&gt;&lt;/span&gt;&#xA;&lt;/span&gt;&lt;/span&gt;&lt;span class=&#34;line&#34;&gt;&lt;span class=&#34;cl&#34;&gt;    &lt;span class=&#34;k&#34;&gt;return&lt;/span&gt; &lt;span class=&#34;mi&#34;&gt;0&lt;/span&gt;&lt;span class=&#34;p&#34;&gt;;&lt;/span&gt;&#xA;&lt;/span&gt;&lt;/span&gt;&lt;span class=&#34;line&#34;&gt;&lt;span class=&#34;cl&#34;&gt;&lt;span class=&#34;p&#34;&gt;}&lt;/span&gt;&#xA;&lt;/span&gt;&lt;/span&gt;&lt;/code&gt;&lt;/pre&gt;&lt;/div&gt;&lt;h2 id=&#34;sortowanie-przez-zliczanie-counting-sort&#34;&gt;Sortowanie przez zliczanie (Counting Sort)&lt;/h2&gt;&#xA;&lt;p&gt;&lt;strong&gt;Sortowanie przez zliczanie&lt;/strong&gt; działa inaczej niż tradycyjne algorytmy. Zamiast porównywać elementy, liczymy, ile razy występuje każdy element w zbiorze, a potem tworzymy posortowany vector na podstawie tych zliczeń.&lt;/p&gt;</description>
    </item>
    <item>
      <title>System ASCII</title>
      <link>http://localhost:1313/Informejtycy/articles/8-ascii/</link>
      <pubDate>Mon, 01 Jan 0001 00:00:00 +0000</pubDate>
      <guid>http://localhost:1313/Informejtycy/articles/8-ascii/</guid>
      <description>&lt;h1 id=&#34;system-ascii&#34;&gt;System ASCII&lt;/h1&gt;&#xA;&lt;p&gt;&lt;strong&gt;ASCII&lt;/strong&gt; to standard kodowania znaków, który przypisuje numery literom, cyfrom i symbolom. Innymi słowy, jest to system zapisu znaków poprzez liczby (7-bitowe - od 0 do 127) wykorzystywany między innymi przez C++. Oznacza to, że każda &lt;em&gt;litera alfabetu łacińskiego/cyfra/biały znak&lt;/em&gt; (i wiele więcej) posiada swój własny numer w systemie ASCII.&lt;/p&gt;&#xA;&lt;p&gt;Poniższy fragment kodu wczyta dowolny znak i wypisze jego numer w systemie ASCII.&lt;/p&gt;&#xA;&lt;div class=&#34;highlight&#34;&gt;&lt;pre tabindex=&#34;0&#34; class=&#34;chroma&#34;&gt;&lt;code class=&#34;language-cpp&#34; data-lang=&#34;cpp&#34;&gt;&lt;span class=&#34;line&#34;&gt;&lt;span class=&#34;cl&#34;&gt;&lt;span class=&#34;kt&#34;&gt;char&lt;/span&gt; &lt;span class=&#34;n&#34;&gt;znak&lt;/span&gt;&lt;span class=&#34;p&#34;&gt;;&lt;/span&gt;&#xA;&lt;/span&gt;&lt;/span&gt;&lt;span class=&#34;line&#34;&gt;&lt;span class=&#34;cl&#34;&gt;&lt;span class=&#34;n&#34;&gt;cin&lt;/span&gt; &lt;span class=&#34;o&#34;&gt;&amp;gt;&amp;gt;&lt;/span&gt; &lt;span class=&#34;n&#34;&gt;znak&lt;/span&gt;&lt;span class=&#34;p&#34;&gt;;&lt;/span&gt;&#xA;&lt;/span&gt;&lt;/span&gt;&lt;span class=&#34;line&#34;&gt;&lt;span class=&#34;cl&#34;&gt;&lt;span class=&#34;kt&#34;&gt;int&lt;/span&gt; &lt;span class=&#34;n&#34;&gt;numer&lt;/span&gt; &lt;span class=&#34;o&#34;&gt;=&lt;/span&gt; &lt;span class=&#34;n&#34;&gt;znak&lt;/span&gt;&lt;span class=&#34;p&#34;&gt;;&lt;/span&gt; &lt;span class=&#34;c1&#34;&gt;// znak w zmiennej typu int przyjmuje wartość ASCII&#xA;&lt;/span&gt;&lt;/span&gt;&lt;/span&gt;&lt;span class=&#34;line&#34;&gt;&lt;span class=&#34;cl&#34;&gt;&lt;span class=&#34;c1&#34;&gt;&lt;/span&gt;&lt;span class=&#34;n&#34;&gt;cout&lt;/span&gt; &lt;span class=&#34;o&#34;&gt;&amp;lt;&amp;lt;&lt;/span&gt; &lt;span class=&#34;n&#34;&gt;numer&lt;/span&gt;&lt;span class=&#34;p&#34;&gt;;&lt;/span&gt;&#xA;&lt;/span&gt;&lt;/span&gt;&lt;/code&gt;&lt;/pre&gt;&lt;/div&gt;&lt;p&gt;Oczywiście można to zrobić bez użycia zmiennej typu int:&lt;/p&gt;</description>
    </item>
    <item>
      <title>Systemy liczbowe</title>
      <link>http://localhost:1313/Informejtycy/articles/11-systemy-liczbowe/</link>
      <pubDate>Mon, 01 Jan 0001 00:00:00 +0000</pubDate>
      <guid>http://localhost:1313/Informejtycy/articles/11-systemy-liczbowe/</guid>
      <description>&lt;h1 id=&#34;systemy-liczbowe&#34;&gt;Systemy liczbowe&lt;/h1&gt;&#xA;&lt;h2 id=&#34;system-dziesiętny&#34;&gt;System dziesiętny&lt;/h2&gt;&#xA;&lt;p&gt;System dziesiętny to najpopularniejszy system liczbowy, którego używamy na co dzień. Składa się z dziesięciu cyfr: 0, 1, 2, 3, 4, 5, 6, 7, 8 i 9. Ważne jest też położenie cyfry w liczbie – określa ono jej wartość (np. w liczbie 2136: 2 oznacza tysiące, 1 oznacza setki, 3 – dziesiątki, a 6 – jedności). Uważa się, że na co dzień używamy właśnie systemu dziesiętnego, ponieważ jest najprostszy do nauki. Wynika to z faktu, że mamy 10 palców, za pomocą których jako dzieci uczymy się liczenia.&lt;/p&gt;</description>
    </item>
    <item>
      <title>Tablice</title>
      <link>http://localhost:1313/Informejtycy/articles/7-tablice/</link>
      <pubDate>Mon, 01 Jan 0001 00:00:00 +0000</pubDate>
      <guid>http://localhost:1313/Informejtycy/articles/7-tablice/</guid>
      <description>&lt;h1 id=&#34;tablice&#34;&gt;Tablice&lt;/h1&gt;&#xA;&lt;p&gt;Nadszedł czas poznać pierwszą strukturę pozwalającą przechowywać wiele wartości. Jest nią tablica, czyli wiele zmiennych tego samego typu, które są zebrane pod jedną nazwą, a do konkretnej zmiennej tj. komórki tablicy uzyskujemy dostęp poprzez wskazanie jej numeru. Na pierwszy rzut oka nietypowym zjawiskiem jest numeracja komórek tablicy od zera, jednak jak się niedługo dowiecie w wielu przypadkach jest to naprawdę przydatne.&lt;/p&gt;&#xA;&lt;h2 id=&#34;inicjowanie&#34;&gt;Inicjowanie&lt;/h2&gt;&#xA;&lt;p&gt;Tworzenie tablicy jest bardzo podobne do tworzenia zmiennej, jednak dodatkowym elementem jest to że musimy napisać po jej nazwie, w nawiasach kwadratowych liczbę naturalnej oznaczającej wielkość tablicy.&lt;/p&gt;</description>
    </item>
    <item>
      <title>Vector</title>
      <link>http://localhost:1313/Informejtycy/articles/12-vector/</link>
      <pubDate>Mon, 01 Jan 0001 00:00:00 +0000</pubDate>
      <guid>http://localhost:1313/Informejtycy/articles/12-vector/</guid>
      <description>&lt;h1 id=&#34;vector&#34;&gt;Vector&lt;/h1&gt;&#xA;&lt;p&gt;Tablice są bardzo dobrym rozwiązaniem do przechowywania wielu danych, jednak konieczność ścisłego ustalenia ich wielkości, po czym nie wykorzystywania znacznej części, bo np. okazało się że w takim przypadku potrzebujemy mniej miejsca, może czasem być denerwujące. Dlatego możemy używać vectorów zamiast tablic, wiele spośród ich mechanik są analogiczne do tych tablicy, jednak zawiera on również dodatkowe przydatne funkcje.&lt;/p&gt;&#xA;&lt;h2 id=&#34;inicjowanie&#34;&gt;Inicjowanie&lt;/h2&gt;&#xA;&lt;p&gt;Aby móc korzystać z &lt;code&gt;vectorów&lt;/code&gt;, na początku trzeba zaimportować &lt;code&gt;#include &amp;lt;vector&amp;gt;&lt;/code&gt;, potem tworzymy go poprzez zapisanie nazwy &lt;code&gt;vector&lt;/code&gt;, następnie typu danych w nawiasach ostrokątnych &lt;code&gt;&amp;lt;typ_danych&amp;gt;&lt;/code&gt; oraz nazwy na końcu &lt;code&gt;nazwa&lt;/code&gt;, po której opcjonalnym elementem jest wielkości vectora w nawiasach okrągłych &lt;code&gt;(wielkość_początkowa)&lt;/code&gt;. :&lt;/p&gt;</description>
    </item>
    <item>
      <title>Własne sortowanie</title>
      <link>http://localhost:1313/Informejtycy/articles/4-custom-sort/</link>
      <pubDate>Mon, 01 Jan 0001 00:00:00 +0000</pubDate>
      <guid>http://localhost:1313/Informejtycy/articles/4-custom-sort/</guid>
      <description>&lt;h1 id=&#34;własne-sortowanie&#34;&gt;Własne sortowanie&lt;/h1&gt;&#xA;&lt;h2 id=&#34;wstęp&#34;&gt;Wstęp&lt;/h2&gt;&#xA;&lt;p&gt;Znasz już funkcję sort, która pozwala na posortowanie jakiejś struktury, ale sposób w jaki to robi nie jest zależny od Ciebie. Co jeśli chcemy posortować stringi np. po ich długości. Musimy wtedy sprawić, aby funkcja sort zachowywała się inaczej niż zwykle i do tego potrzebna jest &lt;strong&gt;własna funkcja porównująca&lt;/strong&gt;. Wtedy sort wygląda tak:&lt;/p&gt;&#xA;&lt;div class=&#34;highlight&#34;&gt;&lt;pre tabindex=&#34;0&#34; class=&#34;chroma&#34;&gt;&lt;code class=&#34;language-cpp&#34; data-lang=&#34;cpp&#34;&gt;&lt;span class=&#34;line&#34;&gt;&lt;span class=&#34;cl&#34;&gt;&lt;span class=&#34;n&#34;&gt;sort&lt;/span&gt;&lt;span class=&#34;p&#34;&gt;(&lt;/span&gt;&lt;span class=&#34;n&#34;&gt;first&lt;/span&gt;&lt;span class=&#34;p&#34;&gt;,&lt;/span&gt; &lt;span class=&#34;n&#34;&gt;last&lt;/span&gt;&lt;span class=&#34;p&#34;&gt;,&lt;/span&gt; &lt;span class=&#34;n&#34;&gt;comp&lt;/span&gt;&lt;span class=&#34;p&#34;&gt;);&lt;/span&gt;&#xA;&lt;/span&gt;&lt;/span&gt;&lt;/code&gt;&lt;/pre&gt;&lt;/div&gt;&lt;h2 id=&#34;funkcja-porównująca&#34;&gt;Funkcja porównująca&lt;/h2&gt;&#xA;&lt;p&gt;&lt;code&gt;Comp&lt;/code&gt; jest funkcją, którą musimy sami stworzyć. Domyślna funkcja &lt;code&gt;comp&lt;/code&gt; sortuje rosnąco (a raczej niemalejąco) i wygląda tak:&lt;/p&gt;</description>
    </item>
    <item>
      <title>Wyszukiwanie liniowe i binarne</title>
      <link>http://localhost:1313/Informejtycy/articles/14-wyszukiwanie-liniowe-i-binarne/</link>
      <pubDate>Mon, 01 Jan 0001 00:00:00 +0000</pubDate>
      <guid>http://localhost:1313/Informejtycy/articles/14-wyszukiwanie-liniowe-i-binarne/</guid>
      <description>&lt;h1 id=&#34;wyszukiwanie-liniowe-i-binarne&#34;&gt;Wyszukiwanie liniowe i binarne&lt;/h1&gt;&#xA;&lt;h2 id=&#34;wyszukiwanie-liniowe&#34;&gt;Wyszukiwanie liniowe&lt;/h2&gt;&#xA;&lt;p&gt;Czym jest wyszukiwanie liniowe? Nazwa może przerażać, ale jest to najprostszy sposób na wyszukanie odpowiedzi na nasze zapytanie w danym ciągu. Polega on jedynie na przejściu przez ciąg. Wyobraźmy sobie, że mamy ciąg liczb i dostajemy $k$ zapytań o dane liczby, czy występują one w ciągu. Jak wyglądałby taki kod?&lt;/p&gt;&#xA;&lt;div class=&#34;highlight&#34;&gt;&lt;pre tabindex=&#34;0&#34; class=&#34;chroma&#34;&gt;&lt;code class=&#34;language-cpp&#34; data-lang=&#34;cpp&#34;&gt;&lt;span class=&#34;line&#34;&gt;&lt;span class=&#34;cl&#34;&gt;&lt;span class=&#34;cp&#34;&gt;#include&lt;/span&gt; &lt;span class=&#34;cpf&#34;&gt;&amp;lt;iostream&amp;gt;&lt;/span&gt;&lt;span class=&#34;cp&#34;&gt;&#xA;&lt;/span&gt;&lt;/span&gt;&lt;/span&gt;&lt;span class=&#34;line&#34;&gt;&lt;span class=&#34;cl&#34;&gt;&lt;span class=&#34;cp&#34;&gt;#include&lt;/span&gt; &lt;span class=&#34;cpf&#34;&gt;&amp;lt;vector&amp;gt;&lt;/span&gt;&lt;span class=&#34;cp&#34;&gt;&#xA;&lt;/span&gt;&lt;/span&gt;&lt;/span&gt;&lt;span class=&#34;line&#34;&gt;&lt;span class=&#34;cl&#34;&gt;&lt;span class=&#34;cp&#34;&gt;&lt;/span&gt;&lt;span class=&#34;k&#34;&gt;using&lt;/span&gt; &lt;span class=&#34;k&#34;&gt;namespace&lt;/span&gt; &lt;span class=&#34;n&#34;&gt;std&lt;/span&gt;&lt;span class=&#34;p&#34;&gt;;&lt;/span&gt;&#xA;&lt;/span&gt;&lt;/span&gt;&lt;span class=&#34;line&#34;&gt;&lt;span class=&#34;cl&#34;&gt;&#xA;&lt;/span&gt;&lt;/span&gt;&lt;span class=&#34;line&#34;&gt;&lt;span class=&#34;cl&#34;&gt;&lt;span class=&#34;n&#34;&gt;vector&lt;/span&gt; &lt;span class=&#34;o&#34;&gt;&amp;lt;&lt;/span&gt;&lt;span class=&#34;kt&#34;&gt;int&lt;/span&gt;&lt;span class=&#34;o&#34;&gt;&amp;gt;&lt;/span&gt; &lt;span class=&#34;n&#34;&gt;ciag&lt;/span&gt;&lt;span class=&#34;p&#34;&gt;;&lt;/span&gt;&#xA;&lt;/span&gt;&lt;/span&gt;&lt;span class=&#34;line&#34;&gt;&lt;span class=&#34;cl&#34;&gt;&#xA;&lt;/span&gt;&lt;/span&gt;&lt;span class=&#34;line&#34;&gt;&lt;span class=&#34;cl&#34;&gt;&lt;span class=&#34;kt&#34;&gt;int&lt;/span&gt; &lt;span class=&#34;nf&#34;&gt;main&lt;/span&gt;&lt;span class=&#34;p&#34;&gt;()&lt;/span&gt; &lt;span class=&#34;p&#34;&gt;{&lt;/span&gt;&#xA;&lt;/span&gt;&lt;/span&gt;&lt;span class=&#34;line&#34;&gt;&lt;span class=&#34;cl&#34;&gt;&#x9;&lt;span class=&#34;kt&#34;&gt;int&lt;/span&gt; &lt;span class=&#34;n&#34;&gt;n&lt;/span&gt;&lt;span class=&#34;p&#34;&gt;;&lt;/span&gt;&#xA;&lt;/span&gt;&lt;/span&gt;&lt;span class=&#34;line&#34;&gt;&lt;span class=&#34;cl&#34;&gt;&#x9;&lt;span class=&#34;n&#34;&gt;cin&lt;/span&gt; &lt;span class=&#34;o&#34;&gt;&amp;gt;&amp;gt;&lt;/span&gt; &lt;span class=&#34;n&#34;&gt;n&lt;/span&gt;&lt;span class=&#34;p&#34;&gt;;&lt;/span&gt;&#xA;&lt;/span&gt;&lt;/span&gt;&lt;span class=&#34;line&#34;&gt;&lt;span class=&#34;cl&#34;&gt;&#xA;&lt;/span&gt;&lt;/span&gt;&lt;span class=&#34;line&#34;&gt;&lt;span class=&#34;cl&#34;&gt;&#x9;&lt;span class=&#34;kt&#34;&gt;int&lt;/span&gt; &lt;span class=&#34;n&#34;&gt;liczba&lt;/span&gt;&lt;span class=&#34;p&#34;&gt;;&lt;/span&gt;&#xA;&lt;/span&gt;&lt;/span&gt;&lt;span class=&#34;line&#34;&gt;&lt;span class=&#34;cl&#34;&gt;&#x9;&lt;span class=&#34;k&#34;&gt;for&lt;/span&gt; &lt;span class=&#34;p&#34;&gt;(&lt;/span&gt;&lt;span class=&#34;kt&#34;&gt;int&lt;/span&gt; &lt;span class=&#34;n&#34;&gt;i&lt;/span&gt; &lt;span class=&#34;o&#34;&gt;=&lt;/span&gt; &lt;span class=&#34;mi&#34;&gt;0&lt;/span&gt;&lt;span class=&#34;p&#34;&gt;;&lt;/span&gt; &lt;span class=&#34;n&#34;&gt;i&lt;/span&gt; &lt;span class=&#34;o&#34;&gt;&amp;lt;&lt;/span&gt; &lt;span class=&#34;n&#34;&gt;n&lt;/span&gt;&lt;span class=&#34;p&#34;&gt;;&lt;/span&gt; &lt;span class=&#34;n&#34;&gt;i&lt;/span&gt;&lt;span class=&#34;o&#34;&gt;++&lt;/span&gt;&lt;span class=&#34;p&#34;&gt;)&lt;/span&gt; &lt;span class=&#34;p&#34;&gt;{&lt;/span&gt;&#xA;&lt;/span&gt;&lt;/span&gt;&lt;span class=&#34;line&#34;&gt;&lt;span class=&#34;cl&#34;&gt;&#x9;&#x9;&lt;span class=&#34;n&#34;&gt;cin&lt;/span&gt; &lt;span class=&#34;o&#34;&gt;&amp;gt;&amp;gt;&lt;/span&gt; &lt;span class=&#34;n&#34;&gt;liczba&lt;/span&gt;&lt;span class=&#34;p&#34;&gt;;&lt;/span&gt;&#xA;&lt;/span&gt;&lt;/span&gt;&lt;span class=&#34;line&#34;&gt;&lt;span class=&#34;cl&#34;&gt;&#x9;&#x9;&lt;span class=&#34;n&#34;&gt;ciag&lt;/span&gt;&lt;span class=&#34;p&#34;&gt;.&lt;/span&gt;&lt;span class=&#34;n&#34;&gt;push_back&lt;/span&gt;&lt;span class=&#34;p&#34;&gt;(&lt;/span&gt;&lt;span class=&#34;n&#34;&gt;liczba&lt;/span&gt;&lt;span class=&#34;p&#34;&gt;);&lt;/span&gt;&#xA;&lt;/span&gt;&lt;/span&gt;&lt;span class=&#34;line&#34;&gt;&lt;span class=&#34;cl&#34;&gt;&#x9;&lt;span class=&#34;p&#34;&gt;}&lt;/span&gt;&#xA;&lt;/span&gt;&lt;/span&gt;&lt;span class=&#34;line&#34;&gt;&lt;span class=&#34;cl&#34;&gt;&#xA;&lt;/span&gt;&lt;/span&gt;&lt;span class=&#34;line&#34;&gt;&lt;span class=&#34;cl&#34;&gt;&#x9;&lt;span class=&#34;kt&#34;&gt;int&lt;/span&gt; &lt;span class=&#34;n&#34;&gt;k&lt;/span&gt;&lt;span class=&#34;p&#34;&gt;,&lt;/span&gt; &lt;span class=&#34;n&#34;&gt;liczba_do_spr&lt;/span&gt;&lt;span class=&#34;p&#34;&gt;;&lt;/span&gt;&#xA;&lt;/span&gt;&lt;/span&gt;&lt;span class=&#34;line&#34;&gt;&lt;span class=&#34;cl&#34;&gt;&#x9;&lt;span class=&#34;n&#34;&gt;cin&lt;/span&gt; &lt;span class=&#34;o&#34;&gt;&amp;gt;&amp;gt;&lt;/span&gt; &lt;span class=&#34;n&#34;&gt;k&lt;/span&gt;&lt;span class=&#34;p&#34;&gt;;&lt;/span&gt;&#xA;&lt;/span&gt;&lt;/span&gt;&lt;span class=&#34;line&#34;&gt;&lt;span class=&#34;cl&#34;&gt;&#xA;&lt;/span&gt;&lt;/span&gt;&lt;span class=&#34;line&#34;&gt;&lt;span class=&#34;cl&#34;&gt;&#x9;&lt;span class=&#34;k&#34;&gt;for&lt;/span&gt; &lt;span class=&#34;p&#34;&gt;(&lt;/span&gt;&lt;span class=&#34;kt&#34;&gt;int&lt;/span&gt; &lt;span class=&#34;n&#34;&gt;i&lt;/span&gt; &lt;span class=&#34;o&#34;&gt;=&lt;/span&gt; &lt;span class=&#34;mi&#34;&gt;0&lt;/span&gt;&lt;span class=&#34;p&#34;&gt;;&lt;/span&gt; &lt;span class=&#34;n&#34;&gt;i&lt;/span&gt; &lt;span class=&#34;o&#34;&gt;&amp;lt;&lt;/span&gt; &lt;span class=&#34;n&#34;&gt;k&lt;/span&gt;&lt;span class=&#34;p&#34;&gt;;&lt;/span&gt; &lt;span class=&#34;n&#34;&gt;i&lt;/span&gt;&lt;span class=&#34;o&#34;&gt;++&lt;/span&gt;&lt;span class=&#34;p&#34;&gt;)&lt;/span&gt; &lt;span class=&#34;p&#34;&gt;{&lt;/span&gt;&#xA;&lt;/span&gt;&lt;/span&gt;&lt;span class=&#34;line&#34;&gt;&lt;span class=&#34;cl&#34;&gt;&#x9;&#x9;&lt;span class=&#34;n&#34;&gt;cin&lt;/span&gt; &lt;span class=&#34;o&#34;&gt;&amp;gt;&amp;gt;&lt;/span&gt; &lt;span class=&#34;n&#34;&gt;liczba_do_spr&lt;/span&gt;&lt;span class=&#34;p&#34;&gt;;&lt;/span&gt;&#xA;&lt;/span&gt;&lt;/span&gt;&lt;span class=&#34;line&#34;&gt;&lt;span class=&#34;cl&#34;&gt;&#x9;&#x9;&lt;span class=&#34;kt&#34;&gt;bool&lt;/span&gt; &lt;span class=&#34;n&#34;&gt;czy_wystepuje&lt;/span&gt; &lt;span class=&#34;o&#34;&gt;=&lt;/span&gt; &lt;span class=&#34;nb&#34;&gt;false&lt;/span&gt;&lt;span class=&#34;p&#34;&gt;;&lt;/span&gt;&#xA;&lt;/span&gt;&lt;/span&gt;&lt;span class=&#34;line&#34;&gt;&lt;span class=&#34;cl&#34;&gt;&#x9;&#x9;&lt;span class=&#34;c1&#34;&gt;// to w tej pętli przechodzimy po całym ciągu, czyli stosujemy wyszukiwanie liniowe&#xA;&lt;/span&gt;&lt;/span&gt;&lt;/span&gt;&lt;span class=&#34;line&#34;&gt;&lt;span class=&#34;cl&#34;&gt;&lt;span class=&#34;c1&#34;&gt;&lt;/span&gt;&#x9;&#x9;&lt;span class=&#34;k&#34;&gt;for&lt;/span&gt; &lt;span class=&#34;p&#34;&gt;(&lt;/span&gt;&lt;span class=&#34;kt&#34;&gt;int&lt;/span&gt; &lt;span class=&#34;n&#34;&gt;x&lt;/span&gt; &lt;span class=&#34;o&#34;&gt;=&lt;/span&gt; &lt;span class=&#34;mi&#34;&gt;0&lt;/span&gt;&lt;span class=&#34;p&#34;&gt;;&lt;/span&gt; &lt;span class=&#34;n&#34;&gt;x&lt;/span&gt; &lt;span class=&#34;o&#34;&gt;&amp;lt;&lt;/span&gt; &lt;span class=&#34;n&#34;&gt;n&lt;/span&gt;&lt;span class=&#34;p&#34;&gt;;&lt;/span&gt; &lt;span class=&#34;n&#34;&gt;x&lt;/span&gt;&lt;span class=&#34;o&#34;&gt;++&lt;/span&gt;&lt;span class=&#34;p&#34;&gt;)&lt;/span&gt; &lt;span class=&#34;p&#34;&gt;{&lt;/span&gt;&#xA;&lt;/span&gt;&lt;/span&gt;&lt;span class=&#34;line&#34;&gt;&lt;span class=&#34;cl&#34;&gt;&#x9;&#x9;&#x9;&lt;span class=&#34;k&#34;&gt;if&lt;/span&gt; &lt;span class=&#34;p&#34;&gt;(&lt;/span&gt;&lt;span class=&#34;n&#34;&gt;ciag&lt;/span&gt;&lt;span class=&#34;p&#34;&gt;[&lt;/span&gt;&lt;span class=&#34;n&#34;&gt;x&lt;/span&gt;&lt;span class=&#34;p&#34;&gt;]&lt;/span&gt; &lt;span class=&#34;o&#34;&gt;==&lt;/span&gt; &lt;span class=&#34;n&#34;&gt;liczba_do_spr&lt;/span&gt;&lt;span class=&#34;p&#34;&gt;)&lt;/span&gt; &lt;span class=&#34;p&#34;&gt;{&lt;/span&gt;&#xA;&lt;/span&gt;&lt;/span&gt;&lt;span class=&#34;line&#34;&gt;&lt;span class=&#34;cl&#34;&gt;&#x9;&#x9;&#x9;&#x9;&lt;span class=&#34;n&#34;&gt;czy_wystepuje&lt;/span&gt; &lt;span class=&#34;o&#34;&gt;=&lt;/span&gt; &lt;span class=&#34;nb&#34;&gt;true&lt;/span&gt;&lt;span class=&#34;p&#34;&gt;;&lt;/span&gt;&#xA;&lt;/span&gt;&lt;/span&gt;&lt;span class=&#34;line&#34;&gt;&lt;span class=&#34;cl&#34;&gt;&#x9;&#x9;&#x9;&#x9;&lt;span class=&#34;k&#34;&gt;break&lt;/span&gt;&lt;span class=&#34;p&#34;&gt;;&lt;/span&gt;&#xA;&lt;/span&gt;&lt;/span&gt;&lt;span class=&#34;line&#34;&gt;&lt;span class=&#34;cl&#34;&gt;&#x9;&#x9;&#x9;&lt;span class=&#34;p&#34;&gt;}&lt;/span&gt;&#xA;&lt;/span&gt;&lt;/span&gt;&lt;span class=&#34;line&#34;&gt;&lt;span class=&#34;cl&#34;&gt;&#x9;&#x9;&lt;span class=&#34;p&#34;&gt;}&lt;/span&gt;&#xA;&lt;/span&gt;&lt;/span&gt;&lt;span class=&#34;line&#34;&gt;&lt;span class=&#34;cl&#34;&gt;&#xA;&lt;/span&gt;&lt;/span&gt;&lt;span class=&#34;line&#34;&gt;&lt;span class=&#34;cl&#34;&gt;&#x9;&#x9;&lt;span class=&#34;k&#34;&gt;if&lt;/span&gt; &lt;span class=&#34;p&#34;&gt;(&lt;/span&gt;&lt;span class=&#34;n&#34;&gt;czy_wystepuje&lt;/span&gt;&lt;span class=&#34;p&#34;&gt;)&lt;/span&gt; &lt;span class=&#34;p&#34;&gt;{&lt;/span&gt;&#xA;&lt;/span&gt;&lt;/span&gt;&lt;span class=&#34;line&#34;&gt;&lt;span class=&#34;cl&#34;&gt;&#x9;&#x9;&#x9;&lt;span class=&#34;n&#34;&gt;cout&lt;/span&gt; &lt;span class=&#34;o&#34;&gt;&amp;lt;&amp;lt;&lt;/span&gt; &lt;span class=&#34;s&#34;&gt;&amp;#34;TAK&amp;#34;&lt;/span&gt; &lt;span class=&#34;o&#34;&gt;&amp;lt;&amp;lt;&lt;/span&gt; &lt;span class=&#34;n&#34;&gt;endl&lt;/span&gt;&lt;span class=&#34;p&#34;&gt;;&lt;/span&gt;&#xA;&lt;/span&gt;&lt;/span&gt;&lt;span class=&#34;line&#34;&gt;&lt;span class=&#34;cl&#34;&gt;&#x9;&#x9;&lt;span class=&#34;p&#34;&gt;}&lt;/span&gt; &lt;span class=&#34;k&#34;&gt;else&lt;/span&gt; &lt;span class=&#34;p&#34;&gt;{&lt;/span&gt;&#xA;&lt;/span&gt;&lt;/span&gt;&lt;span class=&#34;line&#34;&gt;&lt;span class=&#34;cl&#34;&gt;&#x9;&#x9;&#x9;&lt;span class=&#34;n&#34;&gt;cout&lt;/span&gt; &lt;span class=&#34;o&#34;&gt;&amp;lt;&amp;lt;&lt;/span&gt; &lt;span class=&#34;s&#34;&gt;&amp;#34;NIE&amp;#34;&lt;/span&gt; &lt;span class=&#34;o&#34;&gt;&amp;lt;&amp;lt;&lt;/span&gt; &lt;span class=&#34;n&#34;&gt;endl&lt;/span&gt;&lt;span class=&#34;p&#34;&gt;;&lt;/span&gt;&#xA;&lt;/span&gt;&lt;/span&gt;&lt;span class=&#34;line&#34;&gt;&lt;span class=&#34;cl&#34;&gt;&#x9;&#x9;&lt;span class=&#34;p&#34;&gt;}&lt;/span&gt;&#xA;&lt;/span&gt;&lt;/span&gt;&lt;span class=&#34;line&#34;&gt;&lt;span class=&#34;cl&#34;&gt;&#x9;&lt;span class=&#34;p&#34;&gt;}&lt;/span&gt;&#xA;&lt;/span&gt;&lt;/span&gt;&lt;span class=&#34;line&#34;&gt;&lt;span class=&#34;cl&#34;&gt;&lt;span class=&#34;p&#34;&gt;}&lt;/span&gt;&#xA;&lt;/span&gt;&lt;/span&gt;&lt;/code&gt;&lt;/pre&gt;&lt;/div&gt;&lt;p&gt;Ten sposób sprawdza się, kiedy mamy nieposortowany ciąg, a także jak nasze $n$, czyli długość ciągu, jest stosunkowo małe.&lt;/p&gt;</description>
    </item>
    <item>
      <title>Złożoność czasowa</title>
      <link>http://localhost:1313/Informejtycy/articles/2-zlozonosc-czasowa-programow/</link>
      <pubDate>Mon, 01 Jan 0001 00:00:00 +0000</pubDate>
      <guid>http://localhost:1313/Informejtycy/articles/2-zlozonosc-czasowa-programow/</guid>
      <description>&lt;h1 id=&#34;złożoność-czasowa&#34;&gt;Złożoność czasowa&lt;/h1&gt;&#xA;&lt;h2 id=&#34;wstęp&#34;&gt;Wstęp&lt;/h2&gt;&#xA;&lt;p&gt;Podczas nauki C++ nie sposób nie wspomnieć o jego prędkości. Jest on jednym z najszybszych języków programowania jednocześnie dostarczając wiele użytecznych funkcjonalności. Jednak jakby się postarać, to w każdym języku programowania można napisać coś co będzie baaardzo wolne. No właśnie - ale jak bardzo wolne?&lt;/p&gt;&#xA;&lt;h2 id=&#34;jak-zmierzyć-czas-wykonywania-programu&#34;&gt;Jak zmierzyć czas wykonywania programu?&lt;/h2&gt;&#xA;&lt;p&gt;Do mierzenia szybkości programu wykorzystywana jest notacja dużego O. Zanim powiem na czym polega, przeanalizujmy dlaczego zwykłe mierzenie czasu wykonywania programu nie jest zbyt miarodajne. Przypuśćmy, że bierzemy pod lupę taki fragment kodu:&lt;/p&gt;</description>
    </item>
    <item>
      <title>Zmienne i operatory matematyczne</title>
      <link>http://localhost:1313/Informejtycy/articles/2-zmienne/</link>
      <pubDate>Mon, 01 Jan 0001 00:00:00 +0000</pubDate>
      <guid>http://localhost:1313/Informejtycy/articles/2-zmienne/</guid>
      <description>&lt;h1 id=&#34;zmienne-i-operatory-matematyczne&#34;&gt;Zmienne i operatory matematyczne&lt;/h1&gt;&#xA;&lt;h2 id=&#34;czym-są-zmienne&#34;&gt;Czym są zmienne?&lt;/h2&gt;&#xA;&lt;p&gt;&lt;em&gt;Zmienne&lt;/em&gt; w informatyce można porównać do pudełek. Pudełko ma rozmiar i kształt, toteż mogą się w nim znaleźć tylko pasujące rzeczy. Ma również swoją nazwę, aby język mógł odróżnić je od innych. Kształt i rozmiar określa &lt;em&gt;typ danych.&lt;/em&gt; Na przykład, do &amp;ldquo;pudełka&amp;rdquo; z typem &lt;code&gt;int&lt;/code&gt;, od angielskiego &lt;em&gt;integer&lt;/em&gt;, możemy wrzucić tylko liczby całkowite. W C++ tworzymy zmienne w następujący sposób.&lt;/p&gt;&#xA;&lt;div class=&#34;highlight&#34;&gt;&lt;pre tabindex=&#34;0&#34; class=&#34;chroma&#34;&gt;&lt;code class=&#34;language-fallback&#34; data-lang=&#34;fallback&#34;&gt;&lt;span class=&#34;line&#34;&gt;&lt;span class=&#34;cl&#34;&gt;typ nazwa = wartosc;&#xA;&lt;/span&gt;&lt;/span&gt;&lt;/code&gt;&lt;/pre&gt;&lt;/div&gt;&lt;h2 id=&#34;typy-danych&#34;&gt;Typy danych&lt;/h2&gt;&#xA;&lt;table&gt;&#xA;  &lt;thead&gt;&#xA;      &lt;tr&gt;&#xA;          &lt;th style=&#34;text-align: center&#34;&gt;Typ danych&lt;/th&gt;&#xA;          &lt;th style=&#34;text-align: center&#34;&gt;Opis&lt;/th&gt;&#xA;      &lt;/tr&gt;&#xA;  &lt;/thead&gt;&#xA;  &lt;tbody&gt;&#xA;      &lt;tr&gt;&#xA;          &lt;td style=&#34;text-align: center&#34;&gt;&lt;code&gt;int&lt;/code&gt;&lt;/td&gt;&#xA;          &lt;td style=&#34;text-align: center&#34;&gt;Przechowuje liczby całkowite w zakresie od $-2^{31}$ do $2^{31}-1$. Na nasze potrzeby wystarczy informacja, że jest to pomiędzy $-10^9$, a $10^9$.&lt;/td&gt;&#xA;      &lt;/tr&gt;&#xA;      &lt;tr&gt;&#xA;          &lt;td style=&#34;text-align: center&#34;&gt;&lt;code&gt;long long&lt;/code&gt;&lt;/td&gt;&#xA;          &lt;td style=&#34;text-align: center&#34;&gt;Przechowuje liczby całkowite w zakresie od $-2^{63}$ do $2^{63}-1$. Na nasze potrzeby wystarczy informacja, że jest to pomiędzy $-10^{18}$, a $10^{18}$.&lt;/td&gt;&#xA;      &lt;/tr&gt;&#xA;      &lt;tr&gt;&#xA;          &lt;td style=&#34;text-align: center&#34;&gt;&lt;code&gt;float&lt;/code&gt;/&lt;code&gt;double&lt;/code&gt;&lt;/td&gt;&#xA;          &lt;td style=&#34;text-align: center&#34;&gt;Przechowuje liczby rzeczywiste (z przecinkiem). &lt;code&gt;double&lt;/code&gt; pozwala przechować liczby o wyższej &lt;em&gt;precyzji&lt;/em&gt; - albo liczby większe, albo z większą ilością cyfr po przecinku. Jeżeli wahasz się przy wyborze jednego z nich, weź &lt;code&gt;double&lt;/code&gt;.&lt;/td&gt;&#xA;      &lt;/tr&gt;&#xA;      &lt;tr&gt;&#xA;          &lt;td style=&#34;text-align: center&#34;&gt;&lt;code&gt;char&lt;/code&gt;&lt;/td&gt;&#xA;          &lt;td style=&#34;text-align: center&#34;&gt;Przechowuje znaki (w kodowaniu ASCII, co oznacza między innymi brak polskich znaków). Znaki przechowuje się między znakami &lt;code&gt;&#39; &#39;&lt;/code&gt; (a ciągi znaków między &lt;code&gt;&amp;quot; &amp;quot;&lt;/code&gt;).&lt;/td&gt;&#xA;      &lt;/tr&gt;&#xA;      &lt;tr&gt;&#xA;          &lt;td style=&#34;text-align: center&#34;&gt;&lt;code&gt;bool&lt;/code&gt;&lt;/td&gt;&#xA;          &lt;td style=&#34;text-align: center&#34;&gt;Wartość logiczna - zero lub jeden.&lt;/td&gt;&#xA;      &lt;/tr&gt;&#xA;      &lt;tr&gt;&#xA;          &lt;td style=&#34;text-align: center&#34;&gt;&lt;code&gt;void&lt;/code&gt;&lt;/td&gt;&#xA;          &lt;td style=&#34;text-align: center&#34;&gt;Z pierwszego artykułu wiesz już że &lt;em&gt;prawie&lt;/em&gt; każda funkcja coś zwraca. Funkcje, które nic nie zwracają (czyli nie obliczają żadnej wartości), są oznaczane właśnie tym typem.&lt;/td&gt;&#xA;      &lt;/tr&gt;&#xA;  &lt;/tbody&gt;&#xA;&lt;/table&gt;&#xA;&lt;p&gt;Dla dociekliwych, &lt;a href=&#34;#dla-dociekliwych-nr-1-sk%C4%85d-pochodz%C4%85-nazwy-typ%C3%B3w-danych&#34;&gt;pod koniec artykułu&lt;/a&gt; wyjaśniam również, dlaczego użyto takich nazw.&lt;/p&gt;</description>
    </item>
  </channel>
</rss>
