<?xml version="1.0" encoding="utf-8" standalone="yes"?>
<rss version="2.0" xmlns:atom="http://www.w3.org/2005/Atom">
  <channel>
    <title>Zadania on Informejtycy.pl</title>
    <link>http://localhost:1313/Informejtycy/exercises/</link>
    <description>Recent content in Zadania on Informejtycy.pl</description>
    <generator>Hugo</generator>
    <language>pl-pl</language>
    <atom:link href="http://localhost:1313/Informejtycy/exercises/index.xml" rel="self" type="application/rss+xml" />
  </channel>
</rss>
